SubImage Number,Class Name,RelativeOriginX2Absolute,RelativeOriginY2Absolute,Ymin,Xmin,Ymax,Xmax,pxcX,pxcY,cmcX,cmcY,luminance,width,height
subImage_1,channel0,0,0,0.35215822,0.5948581,0.41503817,0.6130328,501.2747350335121,166.86521418392658,3.1706181849051998,1.0554409499299593,93.86666666666666,0.0954143424941949,0.1730093495669356
subImage_1,channel1,0,0,0.51199,0.4984555,0.57535416,0.51574534,420.89334711432457,236.49735689163208,2.662197008945759,1.4958719600988746,76.63809523809523,0.09076896345668167,0.17434158406628603
subImage_1,channel2,0,0,0.5123342,0.7892071,0.5715508,0.806063,662.0370903611183,235.74499055743217,4.1874578770469215,1.491113159756054,106.11538461538461,0.08849078609097388,0.16292981110668725
subImage_1,channel3,0,0,0.16214976,0.7895814,0.2266951,0.80592614,662.1356382966042,84.57375761121511,4.1880812036470845,0.5349383783125561,96.0467032967033,0.08580722739468791,0.17759156549451924
subImage_1,channel4,0,0,0.3212815,0.98020583,0.39032635,0.99953824,821.5937918424606,154.77470599114895,5.196671675157878,0.9789671473190952,106.44791666666667,0.10149208976074836,0.1899716212808294
subImage_1,channel5,0,0,0.0064030397,0.88576734,0.07232269,0.903041,742.3554635047913,17.12284598615952,4.6954804775761625,0.10830389618064211,105.76354679802955,0.090684007045063,0.18137284917703897
subImage_1,channel6,0,0,0.85590357,0.78867465,0.92412925,0.8041725,661.0315749049187,387.1571369469166,4.181097880486519,2.4488117453947917,96.95755968169762,0.08136133164412458,0.1877177202724189
subImage_1,channel7,0,0,0.68496853,0.30664328,0.7472595,0.32254377,261.1126247048378,311.50959625840187,1.6515662536675382,1.970332677156242,82.32417582417582,0.08347507219839367,0.17138880728770478
subImage_1,channel8,0,0,0.007292013,0.59610695,0.07050743,0.6140559,502.2175696492195,16.921378785045817,3.176581718211382,0.10702959383330687,105.36296296296297,0.09422902062601261,0.17393236008757262
subImage_1,channel9,0,0,0.33372986,0.6913288,0.38720283,0.70564926,579.7459033131599,156.80286057293415,3.666957010203415,0.9917954495441754,63.677536231884055,0.07518000952583713,0.14712675642469575
subImage_1,channel10,0,0,0.32355478,0.20949028,0.38582548,0.22573154,180.61705574393272,154.2902085185051,1.1424228699805992,0.9759026471758703,67.16931216931216,0.08526400702426434,0.17133304810388264
subImage_1,channel11,0,0,0.5144392,0.30601314,0.5749619,0.3233867,261.2009319663048,236.9447448849678,1.652124806870998,1.498701738677848,84.8962962962963,0.09120845251789128,0.16652349050402415
subImage_1,channel12,0,0,0.5050647,0.40192592,0.5682802,0.42081958,341.43938332796097,233.45252573490143,2.1596418932824855,1.4766130660019066,116.77455357142857,0.0991887227407669,0.17393257405319068
subImage_1,channel13,0,0,0.32701725,0.40258753,0.38541946,0.42063665,341.6380375623703,154.95498351752758,2.1608984033040497,0.9801074226282579,100.07466666666667,0.0947550306736405,0.16068919390383435
subImage_1,channel14,0,0,0.6745408,0.40241605,0.7391662,0.419864,341.2462204694748,307.4812763929367,2.1584201168214725,1.9448531081147167,113.16836734693878,0.09159897038787321,0.17781177327121683
subImage_1,channel15,0,0,0.3497488,0.88531744,0.4105775,0.90178347,741.6468781232834,165.37096939980984,4.6909985966052075,1.045989686273307,101.34065934065934,0.08644400933812797,0.1673655361785382
subImage_1,channel16,0,0,0.51194245,0.69209754,0.5603508,0.70790994,581.0031068325043,233.2237757742405,3.6749089616224175,1.4751661971805217,63.21245421245421,0.08301258388762983,0.1331917983983454
subImage_1,channel17,0,0,0.6719476,0.21077688,0.73604274,0.22588517,181.21474996209145,306.23789817094803,1.1462033520688895,1.9369886032318027,102.11813186813187,0.07931611946607826,0.17635285062627049
subImage_1,channel18,0,0,0.8522363,0.40214506,0.9190736,0.41990826,341.1521250009537,385.25989294052124,2.157824952567702,2.4368114670494703,116.38390804597701,0.09325397761089751,0.1838977241878039
subImage_1,channel19,0,0,0.67371494,0.98020893,0.74129426,0.9984449,821.1413469910622,307.76450112462044,5.193809911391917,1.9466445358926023,107.06666666666666,0.0957360190729941,0.18593933030369159
subImage_1,channel20,0,0,0.15643176,0.4018256,0.2163444,0.42034203,341.19956851005554,81.07881601899862,2.1581250380142665,0.5128324858886694,110.72051282051282,0.09720828395942432,0.16484501607277813
subImage_1,channel21,0,0,0.7000006,0.8851085,0.76424545,0.9022044,741.7348390817642,318.47351253032684,4.691554959403948,2.014380218408139,87.51530612244898,0.08975089463457737,0.17676481259615642
subImage_1,channel22,0,0,0.69709855,0.59453803,0.7666061,0.61219436,500.7939428091049,318.3557604253292,3.1675771208672034,2.0136354233101152,32.84888888888889,0.09269292108775844,0.19124465264676868
subImage_1,channel23,0,0,0.33262262,0.1133237,0.38456216,0.12798384,100.14262981712818,155.98769009113312,0.6334132183246564,0.9866394060160222,98.15579710144928,0.0769633901111692,0.14290767218175376
subImage_1,channel24,0,0,0.33613768,0.78864753,0.39360905,0.8055988,661.6122260689735,158.71991358697414,4.184770563371116,1.0039210220554975,101.31142857142858,0.08899145002684813,0.1581280433928039
subImage_1,channel25,0,0,0.8617395,0.49982065,0.911273,0.51339674,420.4852166771889,385.63022285699844,2.6596155387551477,2.4391538447627985,49.46969696969697,0.07127232750633862,0.1362875810836705
subImage_1,channel26,0,0,0.15278234,0.98126084,0.21063949,0.997996,821.3915756344795,79.04424749314785,5.1953926352592,0.4999636147574184,117.36857142857143,0.08785682038217311,0.15918951785541802
subImage_1,channel27,0,0,0.5032987,0.21107797,0.55669916,0.22543642,181.15347288548946,230.54953381419182,1.145815767776657,1.4582513207728767,97.20486111111111,0.07537957104152701,0.14692725334493212
subImage_1,channel28,0,0,0.5273656,0.59561074,0.5902141,0.6112258,500.8371564745903,243.0735844373703,3.167850452084695,1.5374673272445938,107.83760683760684,0.08197652245533006,0.17292267683561205
subImage_1,channel29,0,0,0.8456412,0.20904545,0.9059356,0.224071,179.74332712590694,380.9679499268532,1.136896439759057,2.4096644524152637,90.07716049382717,0.07888171527296738,0.1658953796980277
subImage_1,channel30,0,0,0.15011118,0.21116742,0.20512462,0.22533329,181.14779599010944,77.2637865319848,1.1457798607850058,0.4887020020998406,99.21527777777777,0.07436854280602094,0.1513652333837759
subImage_1,channel31,0,0,0.68492675,0.49857923,0.74815214,0.514768,420.5391038954258,311.69465750455856,2.6599563813752423,1.9715032100225083,89.51275510204081,0.08498848540205355,0.17395979765470385
subImage_1,channel32,0,0,0.6844949,0.1127232,0.74112576,0.12917599,100.3881648182869,310.0724968314171,0.6349662543851163,1.9612428642088366,81.17714285714285,0.08637454221702541,0.15581543124378067
subImage_1,channel33,0,0,0.16263893,0.30702773,0.2265735,0.32152274,260.8484449982643,84.6537034213543,1.6498952877815578,0.535444044410843,104.28571428571429,0.07609653744344692,0.1759110410932798
subImage_1,channel34,0,0,0.33880413,0.49901092,0.39252076,0.5148491,420.7519194483757,159.0631616860628,2.661302463304084,1.0060921042761721,73.6923076923077,0.0831480760652758,0.14779717861135724
subImage_1,channel35,0,0,0.16861194,0.50076646,0.22253762,0.51489633,421.50005757808685,85.07503051310778,2.6660345197854953,0.5381089849026425,62.82971014492754,0.0741796203989684,0.14837235919212255
subImage_1,channel36,0,0,0.8396383,0.017164871,0.896424,0.02945759,19.34832119382918,377.59354770183563,0.12238027320575065,2.3883209848313447,71.25416666666666,0.06453482838256837,0.1562414970072216
subImage_1,channel37,0,0,0.6889907,0.7892013,0.7480944,0.8047704,661.4982676506042,312.5660075247288,4.184049763760937,1.977014595349328,107.96153846153847,0.08173526502123066,0.16261919965327803
subImage_1,channel38,0,0,0.6761179,0.017329428,0.7312257,0.032221127,20.563480593264103,306.0972386598587,0.13006629091248642,1.9360989162546407,36.111111111111114,0.07817906473046386,0.15162496458194738
subImage_1,channel39,0,0,0.002360738,0.4021361,0.043710317,0.42045912,341.3770116865635,10.020454588229768,2.1592473857467644,0.06338048442903078,114.54074074074074,0.09619303137195932,0.11377018985499325
subImage_1,channel40,0,0,0.0046924036,0.98116577,0.041025963,0.9995869,822.012348473072,9.943744665943086,5.199319092176293,0.06289528567958941,127.33777777777777,0.09670793293850999,0.09996899557379436
subImage_1,channel41,0,0,0.5071835,0.11300599,0.56137174,0.12766403,99.87805742770433,232.4107638001442,0.6317397686761818,1.4700238064525248,65.11458333333333,0.07695239897320197,0.14909480961721808
subImage_1,channel42,0,0,0.3200991,0.016757714,0.37821835,0.030439544,19.586862111464143,151.8840428441763,0.12388907091375169,0.9606833829486165,55.163333333333334,0.0718274484238317,0.1599106972991176
subImage_1,channel43,0,0,0.1729077,0.8845864,0.23084486,0.9003481,740.7478260993958,87.81617972999811,4.685311993038556,0.5554470571157376,112.17846153846153,0.08274660617169664,0.15940964363331586
subImage_1,channel44,0,0,0.1753206,0.59579515,0.23995604,0.61193734,501.2089869379997,90.32266739755869,3.1702023209234644,0.5713008690547672,102.81868131868131,0.08474394236087497,0.17783944786612854
subImage_1,channel45,0,0,0.3455371,0.3072048,0.39269793,0.3210729,260.73525339365005,160.56611828505993,1.6491793383532578,1.0155984711262487,74.16666666666667,0.07280529789499358,0.12975941064009403
subImage_1,channel46,0,0,0.8491662,0.97995996,0.9164309,0.99821365,820.9420496225357,384.0173703432083,5.192549333475874,2.428952374087339,116.9080459770115,0.09582895481609076,0.18507358697605314
subImage_1,channel47,0,0,0.5022634,0.9807671,0.5653873,0.9980579,821.2123638391495,232.21403494477272,5.194259100816884,1.468779474666494,111.7063492063492,0.09077412655352038,0.17368050974279473
subImage_1,channel48,0,0,0.5252282,0.8847363,0.58856744,0.90162456,741.3397568464279,242.25055128335953,4.689056020534015,1.5322615514443991,101.83418367346938,0.0886606989142112,0.17427303306970468
subImage_1,channel49,0,0,0.8724096,0.8856027,0.93019176,0.9002551,741.1309856176376,392.06579089164734,4.687735519403147,2.4798595249313555,120.39333333333333,0.07692263293763944,0.1589832088752761
subImage_1,channel50,0,0,0.8501656,0.11247179,0.90765077,0.12691188,99.34422209858894,382.3250614106655,0.6283632011295948,2.418248332768283,91.96,0.07580818630787935,0.1581660088370828
subImage_1,channel51,0,0,0.87292403,0.5945769,0.9357233,0.6120093,500.7332655787468,393.38079527020454,3.16719333066886,2.488177073182824,110.89795918367346,0.09151729958333371,0.1727873788160436
subImage_1,channel52,0,0,0.14792703,0.017760329,0.20332615,0.031524774,20.45331759378314,76.39756701886654,0.12936949774688894,0.4832230677980173,29.55902777777778,0.07226115833687526,0.1524264208505909
subImage_1,channel53,0,0,0.8533241,0.6903859,0.9062845,0.7053565,579.2330780625343,382.7148762345314,3.66371333372887,2.420713954677618,48.8768115942029,0.07859328590865983,0.14571645906799433
subImage_1,channel54,0,0,0.003722547,0.7880714,0.04909633,0.8058375,661.472195982933,11.488105984171852,4.183884857577059,0.07266354196187129,102.98571428571428,0.09326931044393366,0.12484247945567178
subImage_1,channel55,0,0,0.15881056,0.69228745,0.20751798,0.706772,580.609681904316,79.67645689845085,3.6724205054036427,0.503962409224863,59.1031746031746,0.07604177732546068,0.1340147383525204
subImage_1,channel56,0,0,0.85842305,0.30694753,0.91382813,0.3200677,260.2113217115402,385.4646335542202,1.6458654124702101,2.4381064740937393,86.20454545454545,0.06887884097789979,0.1524428206105386
subImage_1,channel57,0,0,0.6853838,0.6909156,0.73669046,0.70487523,579.2531883716583,309.3011511862278,3.663840533660078,1.9563640176231991,48.833333333333336,0.07328593527343287,0.14116634567050826
subImage_1,channel58,0,0,0.49995753,0.017926622,0.5498764,0.03053337,20.110896602272987,228.33887837827206,0.12720364707320042,1.4442686804444784,34.99173553719008,0.06618343062750678,0.1373479075630883
subImage_1,channel59,0,0,0.0041157645,0.30685374,0.04522363,0.32232657,261.10982954502106,10.731318517355248,1.6515485739723026,0.0678767774658776,119.1025641025641,0.08122990736095759,0.11310513538663651
subImage_1,channel60,0,0,0.0037426695,0.2121653,0.038859174,0.22527125,181.5361686050892,9.26590088114608,1.1482363605634989,0.058607848710601394,114.23333333333333,0.06880421075995853,0.09662036254270394
subImage_1,channel61,0,0,0.0042464575,0.501219,0.04667236,0.5162898,422.2661292552948,11.074842608068138,2.6708800079398785,0.07004960536412484,106.8201754385965,0.07911929595628771,0.11673160789771256
subImage_1,channel62,0,0,0.15565817,0.11449454,0.20694527,0.12770955,100.51469836384058,78.86624839156866,0.6357665930666703,0.4988377507373097,71.8,0.06937672779350473,0.14111251345847997
subImage_1,channel63,0,0,0.0037991079,0.11406196,0.04091649,0.12770218,100.33211629837751,9.72564281662926,0.6346117412927104,0.06151576734110854,104.77272727272727,0.07160898488884405,0.10212562806847765
subImage_2,channel0,0,790,0.35023004,0.3312327,0.4195654,0.35166058,1073.4007096290588,167.4305098503828,6.789378302524091,1.0590165075925542,80.36666666666666,0.10724315380914387,0.19077094558067972
subImage_2,channel1,0,790,0.51061183,0.1309579,0.5768482,0.14956571,906.4172994345427,236.522558927536,5.733189749744103,1.4960313657655662,104.64732142857143,0.09768806082172381,0.182244300389878
subImage_2,channel2,0,790,0.006202253,0.33482957,0.07153533,0.35112828,1074.6725073456764,16.90792356035672,6.79742256385627,0.10694448804779709,73.5935960591133,0.08556565704562859,0.17975893086334954
subImage_2,channel3,0,790,0.6963898,0.33182517,0.76514864,0.35087317,1073.3198107779026,317.88460940122604,6.788866608335879,2.010655340931221,69.85,0.09999901602948337,0.1891846787997396
subImage_2,channel4,0,790,0.6869587,0.12993208,0.74956733,0.14781672,905.265749245882,312.44440510869026,5.725906067336382,1.9762454466077815,112.60714285714286,0.09389154184173738,0.17226291449291656
subImage_2,channel5,0,790,0.70194894,0.4346915,0.75851876,0.44903123,1156.7449298501015,317.651723921299,7.316539720747005,2.0091823144927194,96.93055555555556,0.07528139397285166,0.15564749770191633
subImage_2,channel6,0,790,0.85626954,0.13123628,0.9212065,0.1461909,905.1322803646326,386.60103276371956,5.725061861888884,2.4452943248812113,112.17307692307692,0.0785093464706609,0.17866898872368248
subImage_2,channel7,0,790,0.87057203,0.23094936,0.9270151,0.24461503,987.3592220246792,390.97520649433136,6.2451563695425625,2.472961457902159,86.73333333333333,0.0717426386911005,0.1552988388054285
subImage_2,channel8,0,790,0.16194785,0.13168249,0.22179085,0.14847302,906.2645365297794,83.46316650509834,5.732223507462235,0.5279137666356631,91.03296703296704,0.08814767483742006,0.16465342587718926
subImage_2,channel9,0,790,0.8713913,0.43422347,0.92801,0.4480348,1156.1371804773808,391.36977910995483,7.31269563869311,2.475457173370998,87.09469696969697,0.07250724639566844,0.15578197573348737
subImage_2,channel10,0,790,0.5171415,0.53535026,0.5731941,0.5502157,1240.5098834633827,237.14799463748932,7.846362324246569,1.4999873158601473,102.74,0.07804130391935847,0.15422432653365595
subImage_2,channel11,0,790,0.3534772,0.9409072,0.41522557,0.95796674,1578.0326789617538,167.19285361468792,9.981231365981998,1.057513305595749,128.83838383838383,0.08956001650902533,0.169895855140867
subImage_2,channel12,0,790,0.5135993,0.7389553,0.56687176,0.75517505,1410.064104795456,235.00245094299316,8.918811542033245,1.4864165145034356,123.0133779264214,0.08515104472373272,0.14657515049885528
subImage_2,channel13,0,790,0.8694459,0.84001815,0.9304176,0.8557769,1493.7549495697021,391.47031500935555,9.448165398922846,2.4760930740629696,114.77514792899409,0.08273096042370057,0.1677588844208835
subImage_2,channel14,0,790,0.5268711,0.3311174,0.58948004,0.35086423,1073.0223736166954,242.8063702583313,6.786985285368092,1.535777167984385,99.3529411764706,0.10366778747708189,0.17226373448091395
subImage_2,channel15,0,790,0.5233298,0.23141845,0.5759981,0.24533935,987.8544847667217,239.1038230061531,6.2482889612063355,1.512358146781487,40.63636363636363,0.07308254054948395,0.1449128708305576
subImage_2,channel16,0,790,0.7060515,0.9415126,0.7667176,0.9560573,1577.4915063381195,320.327288210392,9.977808389235417,2.026105554777938,119.08461538461539,0.07635750852002138,0.1669180687283655
subImage_2,channel17,0,790,0.16242518,0.7401354,0.22174813,0.7555188,1410.6964787840843,83.55769358575344,8.92281137750844,0.528511660883956,110.55621301775147,0.08076053492107547,0.16322254682175347
subImage_2,channel18,0,790,0.5314187,0.63742065,0.58246654,0.6504057,1324.4479390978813,242.27003619074821,8.3772798171909,1.5323847956404062,101.52727272727273,0.06816946276375796,0.14045426809357964
subImage_2,channel19,0,790,0.1731337,0.33419412,0.24000221,0.3513224,1074.4893625378609,89.8570617288351,6.796264152674642,0.5683558616624611,87.92610837438424,0.08992080745781471,0.18398357693113004
subImage_2,channel20,0,790,0.17675754,0.23273283,0.22746527,0.24531609,988.3903020620346,87.91846252977848,6.251678064908504,0.5560940071459739,63.14545454545455,0.06606010301892777,0.1395184157921648
subImage_2,channel21,0,790,0.33934057,0.13091746,0.3965297,0.14780821,905.6711525470018,160.05178414285183,5.728470288089828,1.0123452507454258,116.31714285714285,0.08867376311378793,0.15735151475928086
subImage_2,channel22,0,790,0.35604155,0.6373604,0.41036025,0.650641,1324.520588517189,166.69239096343517,8.377739332809544,1.0543478239306463,109.29545454545455,0.06972120805000821,0.14945371836367322
subImage_2,channel23,0,790,0.18416072,0.9426609,0.24044096,0.9580121,1578.7793081998825,92.35086735337973,9.985953878557131,0.5841294582756466,103.47685185185185,0.080591247927758,0.15485075636425777
subImage_2,channel24,0,790,0.68761694,0.7380286,0.7445123,0.7533568,1408.924941122532,311.48811489343643,8.911606205708614,1.9701968051450753,110.07051282051282,0.08047077566818826,0.15654325259025906
subImage_2,channel25,0,790,0.6997689,0.63790387,0.75280744,0.65112895,1324.9486190080643,315.93535378575325,8.380446673042785,1.9983260834013488,107.41501976284584,0.06942957130736147,0.1459314599209085
subImage_2,channel26,0,790,0.00788724,0.63855594,0.06856537,0.65297955,1325.9872311353683,16.62844228791073,8.387016009711374,0.10517673806395147,106.62937062937063,0.07572166532146109,0.16695120905577232
subImage_2,channel27,0,790,0.3365401,0.74008626,0.3950535,0.7539977,1410.0448355078697,159.12160992622375,8.918689661656355,1.0064617958647928,126.35636363636364,0.07303278707085645,0.16099513142565847
subImage_2,channel28,0,790,0.009798959,0.9430364,0.07560365,0.9583786,1579.0872210264206,18.575067222118378,9.987901461267683,0.11748935624363299,127.03968253968254,0.08054431068376978,0.18105654777566665
subImage_2,channel29,0,790,0.17324725,0.8394158,0.2295624,0.8548584,1493.1237876415253,87.61109881103039,9.44417322986417,0.5541498976029753,112.54166666666667,0.08107125947627743,0.15494681795815135
subImage_2,channel30,0,790,0.16819899,0.5363022,0.21619207,0.55097574,1241.2203487753868,83.60505435615778,7.850856095986001,0.5288112229991004,100.2420634920635,0.07703371774841154,0.13204926812218987
subImage_2,channel31,0,790,0.87745994,0.63660765,0.9295915,0.6509705,1324.3449386954308,393.03368389606476,8.376628328244344,2.4859815553198277,104.79710144927536,0.07540280497730117,0.1434359084496688
subImage_2,channel32,0,790,0.5315343,0.83943015,0.5882187,0.8549118,1493.1519123911858,243.54627817869186,9.444351122018885,1.5404571674806569,113.63141025641026,0.08127621877502596,0.1559627010881109
subImage_2,channel33,0,790,0.34941036,0.435943,0.40658325,0.44878313,1157.161346822977,164.42860901355743,7.319173604193403,1.0400291525209198,74.41454545454546,0.06740861003870906,0.15730682541342342
subImage_2,channel34,0,790,0.35131955,0.8402952,0.4030016,0.8548046,1493.4664049744606,164.06485185027122,9.446340322419106,1.037728348199059,125.40942028985508,0.07617194994878798,0.14219920255201365
subImage_2,channel35,0,790,0.0075259116,0.43407568,0.06160071,0.4511986,1157.388830780983,15.03504044841975,7.320612465407861,0.0950982950564184,100.8975155279503,0.08989264511142178,0.14878265556138878
subImage_2,channel36,0,790,0.6942707,0.5360776,0.7418684,0.55050886,1240.9333872795105,312.36024275422096,7.849041032760977,1.9757131103998795,74.3875,0.07576171843633102,0.13096143104545985
subImage_2,channel37,0,790,0.5350231,0.9419215,0.586744,0.95831305,1578.5973259806633,243.984345048666,9.98480282087706,1.5432279889226186,108.8695652173913,0.08605317855318613,0.14230612898687256
subImage_2,channel38,0,790,0.17995209,0.6379422,0.22949156,0.65043336,1324.67585593462,89.05399315059185,8.378721416411258,0.5632763640138637,148.83333333333334,0.0655766494058492,0.13630406284241794
subImage_2,channel39,0,790,0.1818064,0.43629676,0.23174354,0.4486618,1157.2578045725822,89.94711298495531,7.31978371013651,0.5689254458251443,106.68095238095238,0.06491452135065551,0.13739821382672782
subImage_2,channel40,0,790,0.8584312,0.738187,0.919551,0.7552088,1409.759259223938,386.7111361026764,8.916883360050209,2.44599074068739,138.2116402116402,0.08936162842443515,0.16816641845558353
subImage_2,channel41,0,790,0.34170815,0.53582853,0.39400685,0.5491878,1240.2817687392235,160.01801289618015,7.844919473366372,1.012131643872107,97.65612648221344,0.07013394288214454,0.14389583971740172
subImage_2,channel42,0,790,0.7023326,0.23090695,0.7543482,0.24449293,987.2909508645535,316.828081458807,6.244724546897871,2.003972684748937,72.06324110671937,0.07132427138968557,0.14311693311868626
subImage_2,channel43,0,790,0.25274572,0.02694152,0.39168403,0.048950203,821.4950646273792,140.16346916556358,5.1960472145944285,0.8865494570876886,90.79417122040073,0.11554210836151443,0.38227807638541117
subImage_2,channel44,0,790,0.8675357,0.9414164,0.92884654,0.9573629,1577.993398308754,390.7131390273571,9.980982911503819,2.4713038521654465,101.18148148148148,0.083716642547453,0.16869203076190695
subImage_2,channel45,0,790,0.8610061,0.5356159,0.9138644,0.5489684,1240.1024827361107,386.0343240201473,7.843785469551617,2.4417098293494455,88.23715415019763,0.0700982705767135,0.14543553118009042
subImage_2,channel46,0,790,0.44049022,0.029271483,0.5682422,0.049836986,822.8300147131085,219.39929880201817,5.20449092165154,1.3877248501076418,81.18067226890756,0.10796563533723241,0.35149974490478775
subImage_2,channel47,0,790,0.78112847,0.028775707,0.91891694,0.050523352,822.9091093875468,369.7598759829998,5.204991204222307,2.3387721441049956,86.39722222222223,0.11417169729453863,0.3791143986939027
subImage_2,channel48,0,790,0.69694936,0.83922964,0.75577295,0.8548396,1493.038745522499,315.9671026468277,9.443635329048064,1.9985268984619082,119.3876923076923,0.08194992468373674,0.16184857493333615
subImage_2,channel49,0,790,0.0079351105,0.8417915,0.062991135,0.8566552,1494.855376780033,15.426458353176713,9.45512572283386,0.09757405662983373,117.96153846153847,0.07803191647056082,0.15148241991845207
subImage_2,channel50,0,790,0.52615416,0.4351113,0.57917684,0.4487871,1156.8178389966488,240.40949329733849,7.317000879169188,1.5206166558971441,97.97233201581028,0.07179567777680718,0.14588783655944765
subImage_2,channel51,0,790,0.0029042054,0.13312946,0.04371357,0.14866892,906.9463267177343,10.139366060611792,5.736535905868022,0.06413261265409102,87.01709401709402,0.08157966805740974,0.11228382964291568
subImage_2,channel52,0,790,0.87504923,0.3326757,0.9344904,0.3492295,1072.9906621575356,393.5748665034771,6.786784706878782,2.489404595214909,74.56213017751479,0.0869049330740922,0.16354775406151614
subImage_2,channel53,0,790,0.34701917,0.23304743,0.39665964,0.24573341,988.6940468847752,161.75014078617096,6.253599284533682,1.0230875445045602,59.595454545454544,0.0665994119523523,0.1365819567747315
subImage_2,channel54,0,790,0.0049085985,0.7407332,0.04299781,0.7540651,1410.3412955999374,10.419644062640145,8.920564804553683,0.06590540204073463,124.81818181818181,0.06999031491554063,0.10479954102269216
subImage_2,channel55,0,790,0.6426773,0.030796085,0.7423749,0.048825014,823.0427560582757,301.2488543987274,5.2058365342079425,1.9054323491380607,100.48527131782946,0.09464903073096712,0.2743102567698064
subImage_2,channel56,0,790,0.0033570703,0.5377097,0.04535592,0.5511942,1241.8951201438904,10.595075328019448,7.8551240995818485,0.06701502421264673,113.22222222222223,0.07079137721293942,0.1155566067374762
subImage_4,channel0,395,0,0.80512094,0.40061155,0.8728514,0.42012963,340.6075882911682,759.9589788913727,2.154380697603847,4.8068246609194984,111.08189655172414,0.10246681986090354,0.18635506421836548
subImage_4,channel1,395,0,0.6449234,0.78641576,0.71147656,0.80613047,660.9066832065582,690.0169898569584,4.1803079266701975,4.364433838437434,100.27586206896552,0.10349912631368426,0.1831159476310976
subImage_4,channel2,395,0,0.29347456,0.7868874,0.35873467,0.8049649,660.6187075376511,536.8555058538914,4.178486448688495,3.395670498759591,104.77931034482759,0.09490397819456309,0.17955818370804613
subImage_4,channel3,395,0,0.4694706,0.68981206,0.5236101,0.7055276,579.0659621357918,610.9950534254313,3.662656306994255,3.864611343614366,52.759197324414714,0.08250409707775755,0.14896074157964573
subImage_4,channel4,395,0,0.1083055,0.97915614,0.17963418,0.99832606,820.655112862587,457.6268809661269,5.19073442670833,2.8945406765725927,104.66935483870968,0.1006390835800026,0.19625539430178546
subImage_4,channel5,395,0,0.48322928,0.5937213,0.5492289,0.6116121,500.2133411169052,619.5596554875374,3.163904750897566,3.918783399668168,108.48809523809524,0.09392392854008924,0.1815929019247558
subImage_4,channel6,395,0,0.13428847,0.8836869,0.19954064,0.9012945,740.7672932744026,467.6078335568309,4.685435125075285,2.957671306494819,108.35952380952381,0.09243726956550265,0.17953633102791586
subImage_4,channel7,395,0,0.48021963,0.8840361,0.547591,0.9026406,741.4708325266838,618.5488062351942,4.689885088720327,3.9123896662567628,87.10208333333334,0.09767045935522824,0.185367060680317
subImage_4,channel8,395,0,0.30618975,0.88536334,0.3680802,0.9006856,741.2103137373924,541.653712913394,4.688237278541381,3.4260196895217834,116.44159544159544,0.08043948417219611,0.17028682541801987
subImage_4,channel9,395,0,0.6475825,0.49636704,0.7061817,0.5133881,419.0483808517456,689.4437083601952,2.65052739311667,4.3608077695142,98.22307692307692,0.0893578734449161,0.16123128796890518
subImage_4,channel10,395,0,0.46372387,0.112855405,0.5206044,0.12790968,99.91750814020634,609.0913922339678,0.631989298799534,3.852570475863174,93.93230769230769,0.07903254028364949,0.15650233518918957
subImage_4,channel11,395,0,0.10949059,0.4012645,0.17957194,0.4201852,340.9016242623329,457.8711002320051,2.15624050766814,2.8960853904617654,117.37204301075269,0.09933078613257121,0.19282345753693264
subImage_4,channel12,395,0,0.45906743,0.9795224,0.5251795,0.9966742,820.1215836405754,609.0737093240023,5.187359795323057,3.8524586295003305,99.00492610837438,0.09004409595202374,0.18190228339616893
subImage_4,channel13,395,0,0.106093906,0.20966277,0.16904348,0.22665904,181.0735511034727,454.8423817194998,1.145310253658904,2.876928410623022,87.14285714285714,0.08922777905032878,0.17320091926282452
subImage_4,channel14,395,0,0.31125176,0.5921871,0.3810543,0.6127444,500.0465714931488,545.5765705555677,3.162849914567671,3.4508321983274364,107.29803921568627,0.10792249218713325,0.19205635876537952
subImage_4,channel15,395,0,0.12574299,0.7869196,0.1834424,0.8052688,660.7581934332848,462.2478213906288,4.179368712417993,2.9237686362468613,108.67466666666667,0.09633055749684477,0.15875549820840246
subImage_4,channel16,395,0,0.82940876,0.88395566,0.89084554,0.9009609,740.7403805851936,769.155310690403,4.685264899337088,4.8649924774851545,93.60846560846561,0.08927495098053692,0.1690385576896016
subImage_4,channel17,395,0,0.83432513,0.5944189,0.896437,0.6112228,500.3413000702858,771.4407619833946,3.1647141054414027,4.879448209888643,104.85978835978835,0.08821792424592241,0.17089599450127674
subImage_4,channel18,395,0,0.136229,0.5940164,0.19898497,0.61119044,500.1608267426491,467.90903612971306,3.1635725916676094,2.9595764461082417,114.34391534391534,0.09016112614703434,0.17266823456002367
subImage_4,channel19,395,0,0.8076817,0.20914419,0.8633748,0.22442114,179.92961339652538,758.4547907114029,1.1380747210406412,4.7973105041834465,93.61538461538461,0.08020159057391586,0.15323542100881035
subImage_4,channel20,395,0,0.8150884,0.788057,0.87866884,0.8041154,660.7515642046928,763.392198830843,4.179326781813364,4.82854015705783,87.06318681318682,0.08430398392722548,0.17493673135478763
subImage_4,channel21,395,0,0.665249,0.59337515,0.7242121,0.6115763,500.0548580288887,697.2077892720699,3.1629023278234576,4.4099164406835545,115.13589743589743,0.0955532767364,0.16223249331371153
subImage_4,channel22,395,0,0.2960657,0.49815893,0.35726655,0.51341283,419.8022824525833,537.0997607707977,2.6552959041909125,3.397215438145463,109.99430199430199,0.08008057071316627,0.1683894551908721
subImage_4,channel23,395,0,0.29312766,0.113044165,0.34161252,0.12758903,99.86277680844069,533.0559878051281,0.631643117067936,3.3716381265346493,92.62698412698413,0.07635825169305119,0.13340237131607374
subImage_4,channel24,395,0,0.123081274,0.30578172,0.17760484,0.32127333,260.22784531116486,460.39922969415784,1.645969926066824,2.9120760891471082,117.18910256410257,0.08132847557333282,0.1500173986127752
subImage_4,channel25,395,0,0.28463638,0.20995453,0.34088704,0.22450873,180.3022539615631,531.0513434559107,1.1404317138618791,3.3589585291328947,104.82666666666667,0.07640726199864889,0.15476937255551737
subImage_4,channel26,395,0,0.6584112,0.8847251,0.7165463,0.90051883,740.8762302994728,694.0532566606998,4.686124163817032,4.3899636727432,109.87692307692308,0.08291464150517443,0.1599542386617787
subImage_4,channel27,395,0,0.48044842,0.7880325,0.5299105,0.80450606,660.9034922719002,614.7530671954155,4.180287743655282,3.888381196681945,87.95104895104895,0.08648374953803799,0.1360911119594972
subImage_4,channel28,395,0,0.45411608,0.40209997,0.5266882,0.4201534,341.23515114188194,608.3249340206385,2.15835010209919,3.8477225428250375,119.30208333333333,0.0947777170082348,0.19967667122267227
subImage_4,channel29,395,0,0.29626963,0.30533487,0.3544156,0.32092786,259.89903062582016,536.5240355581045,1.6438901367857062,3.393573912448479,98.37278106508876,0.08186074392015914,0.15998416822368325
subImage_4,channel30,395,0,0.458052,0.20915017,0.51937616,0.2242489,179.860612526536,607.590626552701,1.137638282900291,3.843077966810253,105.38165680473372,0.07926597484375086,0.16872868422539003
subImage_4,channel31,395,0,0.8174894,0.6897829,0.8675756,0.70249444,577.7951043844223,761.5016312897205,3.6546179910463144,4.816582108094374,82.88842975206612,0.06673349601267863,0.13780833082361962
subImage_4,channel32,395,0,0.10492517,0.015642084,0.17133623,0.030611541,19.195254500955343,455.08685540407896,0.12141210943045758,2.87847473373864,65.49071618037135,0.07858728185286633,0.18272493635454484
subImage_4,channel33,395,0,0.62724054,0.20819516,0.6889571,0.22434242,179.50309798121452,681.2729853391647,1.1353769638280489,4.3091270419934515,104.65873015873017,0.08477054013246829,0.16980836242154607
subImage_4,channel34,395,0,0.29609147,0.6913928,0.34818786,0.7039003,579.0466186404228,535.1307544857264,3.662533957244926,3.3847612554441895,70.88932806324111,0.06566238810486766,0.14333923186477718
subImage_4,channel35,395,0,0.81579864,0.30571717,0.87409467,0.31922838,259.35240373015404,762.5517939031124,1.6404326611647946,4.823224502865986,99.2027972027972,0.07093171957246416,0.1603970321803663
subImage_4,channel36,395,0,0.8144862,0.11252311,0.86980057,0.12719022,99.48103033006191,761.3323731720448,0.6292285283368875,4.815511531764988,59.770833333333336,0.07700000116148001,0.1521932162641348
subImage_4,channel37,395,0,0.6471906,0.30571783,0.70122206,0.320005,259.67497259378433,688.2797476649284,1.6424729449322222,4.3534455892784845,85.88541666666667,0.07500540297820099,0.14866349593059386
subImage_4,channel38,395,0,0.81802005,0.49812046,0.87112176,0.512326,419.33528050780296,762.3883436620235,2.6523420651979945,4.822190661998883,72.09057971014492,0.07457686594058863,0.146105297376354
subImage_4,channel39,395,0,0.28244478,0.98008955,0.34819475,0.9956311,819.9240672588348,532.1640963107347,5.186110482345571,3.365996814109644,122.24668435013263,0.08159069830974697,0.1809059979793469
subImage_4,channel40,395,0,0.11801194,0.69052285,0.18091734,0.70424724,578.8295856118202,460.017117112875,3.661161199315751,2.9096591847746676,70.23232323232324,0.07205085992662308,0.17307937654191222
subImage_4,channel41,395,0,0.120300725,0.49754915,0.18236063,0.5138053,419.7121076285839,460.82884564995766,2.6547255384477157,2.9147934576214904,96.45767195767196,0.08534239222172466,0.17075307059333264
subImage_4,channel42,395,0,0.80936354,0.97984296,0.8692791,0.9964404,820.1575991511345,760.1047721505165,5.18758759741388,4.807746819421356,103.75,0.08713398682475466,0.16485301095575264
subImage_4,channel43,395,0,0.633506,0.3990698,0.70477235,0.41863865,339.3489995598793,686.0755418241024,2.1464199845659664,4.339503743352956,115.0100806451613,0.10273342340675658,0.1960838938121325
subImage_4,channel44,395,0,0.46544185,0.30492914,0.5244055,0.32098106,259.7527299821377,610.2917947620153,1.6429647690204785,3.8601631547249546,104.54733727810651,0.084270032654074,0.1622338872933071
subImage_4,channel45,395,0,0.4700526,0.4952535,0.52958935,0.5120928,418.04872781038284,612.4221251904964,2.6442044769790183,3.8736377304901732,108.95054945054945,0.08840379573211574,0.16381080621107705
subImage_4,channel46,395,0,0.63407624,0.98021084,0.6971054,0.99656004,820.3599143028259,684.5320078730583,5.188867263142479,4.329740720259698,103.24234693877551,0.08583069601668201,0.17341991755722594
subImage_4,channel47,395,0,0.8087213,0.01592778,0.8605348,0.0298682,19.005332048982382,758.0631998181343,0.12021082889931929,4.794833648438547,46.047430830039524,0.07318500064167321,0.14256081725886016
subImage_4,channel48,395,0,0.6317387,0.014844546,0.6892734,0.030502398,18.818981619551778,682.3201403021812,0.1190321418061466,4.315750413043524,55.22461538461538,0.08220124428951611,0.1583022908422481
subImage_4,channel49,395,0,0.64584416,0.68975604,0.6955576,0.70635533,579.3862181901932,686.754881888628,3.6646819619873066,4.3438006444568495,39.493506493506494,0.08714368718851223,0.13678268983649122
subImage_4,channel50,395,0,0.11934831,0.11433612,0.17642687,0.1264739,99.936159029603,459.33110220357776,0.6321072677394244,2.9053200645387585,106.26,0.06372145483721517,0.1570472787125513
subImage_4,channel51,395,0,0.28298497,0.017185437,0.33385718,0.030474514,19.778879387304187,529.1631677746773,0.12510360143772414,3.34701560894799,42.13223140495868,0.06976555396698457,0.13997096716792126
subImage_4,channel52,395,0,0.45946032,0.015582391,0.5101954,0.030682454,19.199910652823746,605.9001131355762,0.12144156010641205,3.8323852823249602,39.75524475524475,0.07927294209090537,0.13959360869152496
subImage_4,channel53,395,0,0.28506836,0.40212637,0.34686905,0.41886318,340.7106629014015,532.4463876336813,2.155032655922843,3.3677823379739484,133.8653846153846,0.08786558200105091,0.17003984503320768
subImage_4,channel54,395,0,0.6402633,0.112995446,0.69103736,0.1270379,99.61383752524853,684.5578970015049,0.6300685485467965,4.3299044718627755,68.64393939393939,0.07372065238150367,0.13970086312158284
subImage_5,channel0,395,790,0.82878244,0.33177984,0.8973095,0.35027468,1073.052625656128,770.4249928891659,6.787176632866084,4.8730233579327376,66.46888888888888,0.09709500874393277,0.188546892135374
subImage_5,channel1,395,790,0.29710624,0.73847896,0.3575789,0.7562786,1410.3243762254715,537.3940178751945,8.92045778763739,3.3990766469019262,93.84102564102564,0.09344516865140949,0.16638589651806304
subImage_5,channel2,395,790,0.6448239,0.13128835,0.7071494,0.14662091,905.3323445469141,689.0541917085648,5.7263272899868065,4.35834403357726,99.57549857549857,0.08049354023152254,0.1714837618978019
subImage_5,channel3,395,790,0.29384607,0.13127725,0.36037022,0.14741573,905.6575848907232,537.2920429706573,5.7283844711620695,3.3984316443431837,91.32512315270937,0.08472446340461987,0.18303608080015235
subImage_5,channel4,395,790,0.135862,0.43254432,0.1974865,0.4501737,1156.3279810547829,467.50329826027155,7.313902473464787,2.957010109173128,103.66208791208791,0.09255148352587396,0.1695551091285539
subImage_5,channel5,395,790,0.1367462,0.33049282,0.20071882,0.3510037,1072.821060270071,468.39864142239094,6.7857119561674315,2.9626732537785636,70.03151260504201,0.10767888789083443,0.17601575356054577
subImage_5,channel6,395,790,0.46388906,0.12983787,0.5276027,0.14618516,904.5495575666428,610.6494523584843,5.72137607569034,3.8624253786115386,109.0484693877551,0.08582068273796453,0.17530310199201898
subImage_5,channel7,395,790,0.4836489,0.3329595,0.5490131,0.34849396,1072.8031885623932,619.6039794385433,6.78559891563816,3.919063753564474,99.58791208791209,0.08155346142951632,0.17984452351673277
subImage_5,channel8,395,790,0.837017,0.94020426,0.8961894,0.9577164,1577.6370772719383,771.9723901152611,9.978729141504985,4.882810816668318,106.86909090909091,0.09193597979970855,0.16280828888547488
subImage_5,channel9,395,790,0.3105768,0.33180392,0.37713385,0.35016492,1073.017067760229,544.5770648121834,6.786951725238641,3.444510213865802,78.8367816091954,0.09639235820142925,0.1831266074750636
subImage_5,channel10,395,790,0.4736521,0.7390643,0.52563787,0.7536399,1409.472223520279,612.3455662280321,8.915067827452745,3.873153486578318,108.51893939393939,0.07651959846926067,0.1430348523201481
subImage_5,channel11,395,790,0.48552752,0.43499398,0.5437372,0.44884622,1156.7936843633652,618.8650697469711,7.3168480984400075,3.914390067975782,95.80363636363636,0.0727220625156545,0.16015939965872428
subImage_5,channel12,395,790,0.8139944,0.73756975,0.8777189,0.75395024,1408.9807948470116,762.9476499557495,8.911959486698365,4.825728336215999,116.83190883190883,0.08599497637064075,0.17533311355272324
subImage_5,channel13,395,790,0.827936,0.63427263,0.8934422,0.65049726,1323.1795054674149,769.3997600674629,8.369256834075994,4.866538646853023,98.66758241758242,0.08517670375044628,0.18023532979628618
subImage_5,channel14,395,790,0.1176053,0.12953113,0.18382283,0.14744076,904.9433349817991,460.5606170371175,5.723866761428204,2.913096881955202,113.20714285714286,0.09402273143868443,0.1821924361490434
subImage_5,channel15,395,790,0.48973793,0.94168174,0.5439573,0.95673835,1577.8443396091461,619.8287105560303,9.980040098729576,3.9204852027579395,130.1391304347826,0.07904482219582641,0.149180416364145
subImage_5,channel16,395,790,0.664318,0.6374126,0.71593755,0.6516823,1324.9743938446045,695.2055886387825,8.380609701736903,4.39725230005555,97.48221343873517,0.07491371889494401,0.14202716907016238
subImage_5,channel17,395,790,0.82226676,0.53425884,0.8765847,0.548047,1239.1569271683693,764.5001938939095,7.837804725922639,4.835548348475076,81.41287878787878,0.07238567893373898,0.14945166839367977
subImage_5,channel18,395,790,0.648223,0.53497916,0.7040326,0.54979473,1240.1811677217484,689.115589261055,7.844283160795372,4.358732379892821,83.90333333333334,0.07777939409790424,0.15355587231818818
subImage_5,channel19,395,790,0.48919123,0.63552165,0.5379936,0.65026855,1323.60293507576,618.4127035737038,8.371935073217962,3.911528801857709,113.47727272727273,0.07741891606407479,0.13427598652848707
subImage_5,channel20,395,790,0.30089942,0.53500134,0.35002956,0.5499112,1240.2387034893036,536.5770518779755,7.84464708089376,3.393909246540009,99.84848484848484,0.07827442556449991,0.13517780932801046
subImage_5,channel21,395,790,0.31023994,0.43495008,0.36635223,0.4486957,1156.7129957675934,542.1587972342968,7.316337734140375,3.429214403758993,103.20363636363636,0.0721622576523551,0.1543886521283318
subImage_5,channel22,395,790,0.49066448,0.83916646,0.54380035,0.8537649,1492.5665119290352,619.9961018562317,9.440648399298135,3.9215439712601623,132.1159420289855,0.07663944489891057,0.14619926800085425
subImage_5,channel23,395,790,0.6588287,0.4337322,0.7157968,0.448816,1156.2575083971024,693.9810471236706,7.313456726104379,4.3895069394286566,113.00307692307692,0.07918751141755057,0.15674349365922033
subImage_5,channel24,395,790,0.64931387,0.73815787,0.70466006,0.753939,1409.220189154148,689.489328712225,8.913473682189425,4.3610963232904805,93.51602564102564,0.08284830353367109,0.15228079098225544
subImage_5,channel25,395,790,0.6644347,0.94077986,0.7204859,0.95763063,1577.8403571248055,696.2202298641205,9.980014909075303,4.4036700181158785,107.79545454545455,0.08846387540442063,0.15422071858646746
subImage_5,channel26,395,790,0.12563552,0.73802435,0.17803916,0.752644,1408.627367913723,461.04924354702234,8.909724022224687,2.916187498716144,120.46739130434783,0.07675084262464259,0.14418459849068063
subImage_5,channel27,395,790,0.6608537,0.33230174,0.72618276,0.34902075,1072.7488313615322,696.680426299572,6.785255100325947,4.406580811508994,94.65306122448979,0.08777217688551438,0.1797479289306409
subImage_5,channel28,395,790,0.30979156,0.83945054,0.3644754,0.854132,1492.8367519378662,541.653064712882,9.442357697266706,3.4260155895817963,120.69097222222223,0.07707533543808108,0.1504583676580686
subImage_5,channel29,395,790,0.8204665,0.13065536,0.88030136,0.14602803,904.8236069083214,764.9170127511024,5.723109468110825,4.838184773884266,96.56213017751479,0.08070405377080966,0.16463095820606094
subImage_5,channel30,395,790,0.8325009,0.43417835,0.883106,0.4491511,1156.5817221999168,768.1444938480854,7.315507414294224,4.858598949070749,82.64393939393939,0.078604550847217,0.13923609392466535
subImage_5,channel31,395,790,0.48533428,0.23204619,0.5340979,0.24519525,988.0551982671022,616.7265006899834,6.249558496313107,3.900863381973329,80.28138528138528,0.06903052650472169,0.1341693880888271
subImage_5,channel32,395,790,0.3131724,0.94067645,0.3761055,0.95655006,1577.3490026593208,544.9179404973984,9.976907037693364,3.446666290306125,120.35016835016835,0.08333394755146911,0.17315555342686922
subImage_5,channel33,395,790,0.31568965,0.63643265,0.36586255,0.65169007,1324.570926129818,543.237603828311,8.378057723781264,3.436037974878627,122.64015151515152,0.08009903269580163,0.13804686533205876
subImage_5,channel34,395,790,0.4777026,0.5345612,0.5290002,0.54859275,1239.5088946819305,613.957861289382,7.8400309594049995,3.8833514313053885,76.08695652173913,0.07366331071509807,0.1411415000341875
subImage_5,channel35,395,790,0.12960982,0.5352621,0.17950372,0.54869366,1239.8416423797607,462.2321965172887,7.842135625425431,2.923669807193477,95.44214876033058,0.07051350872852921,0.13727923356830735
subImage_5,channel36,395,790,0.13955171,0.63639766,0.19160329,0.6497318,1323.7437319755554,467.02621296048164,8.3728256291939,2.9539924918436533,124.30830039525692,0.07000220568401763,0.14321590566997056
subImage_5,channel37,395,790,0.14000162,0.94168514,0.19856067,0.955981,1577.531454861164,468.63729912787676,9.978061068065553,2.9641827901826487,132.53076923076924,0.07505108856234952,0.1611207125874579
subImage_5,channel38,395,790,0.1360554,0.231087,0.18435399,0.24575064,987.8876185417175,464.6890417486429,6.248498536000743,2.939209625228608,67.09920634920636,0.07698177386506458,0.13288987881770847
subImage_5,channel39,395,790,0.13719644,0.8391319,0.19644725,0.8544919,1492.8538691997528,467.56750252097845,9.442465965842839,2.9574162082288327,92.92603550295858,0.08063755934182637,0.16302406872698658
subImage_5,channel40,395,790,0.30917287,0.23120299,0.3619039,0.24472453,987.5099194794893,540.959198474884,6.246109547624853,3.4216268088227957,59.56884057971015,0.07098593208927055,0.14508539630520728
subImage_5,channel41,395,790,0.577205,0.027739089,0.70520496,0.048629187,821.6928345523775,673.9241676032543,5.197298131261085,4.26264495637732,87.20534759358289,0.1096697115374094,0.35218205691741133
subImage_5,channel42,395,790,0.6577675,0.23114432,0.7117857,0.24448822,987.387507557869,692.8778098523617,6.245335278670898,4.382528841570915,73.1501976284585,0.07005336727996478,0.14862692446591053
subImage_5,channel43,395,790,0.8338948,0.83720493,0.88534987,0.85331005,1491.5637174248695,768.9357133209705,9.434305613060529,4.863603499816385,81.2888198757764,0.08454930925580385,0.14157469969320569
subImage_5,channel44,395,790,0.66418105,0.839482,0.71824735,0.8532914,1492.5009617209435,695.6781786680222,9.44023378697624,4.400241484301215,76.69791666666667,0.072497076659471,0.14875927052868837
subImage_5,channel45,395,790,0.82916063,0.23100476,0.8806759,0.24511266,987.5887281447649,766.8894480168819,6.246608021156008,4.8506606452680705,71.1268115942029,0.07406423300749738,0.14174033726867732
subImage_5,channel46,395,790,0.73936427,0.027672919,0.86561507,0.048063498,821.4306128490716,744.0830056369305,5.195639549962502,4.706407372782609,79.28770053475935,0.10704731793719556,0.34736938336316275
subImage_5,channel47,395,790,0.0020845223,0.32962778,0.036776397,0.3544057,1073.8738955557346,403.4522500244202,6.792371255886999,2.5518801393068955,77.95555555555555,0.13008015695664793,0.09545202826925568
subImage_5,channel48,395,790,0.43512616,0.028648406,0.5308216,0.047182776,821.4699406549335,605.0936415046453,5.1958883026877505,3.8272842599914316,81.32926829268293,0.09730251047673065,0.263298719951731
subImage_5,channel49,395,790,0.22005911,0.028624458,0.35308158,0.048230946,821.8949927855283,519.6581013128161,5.198576804462545,3.2868950114662625,92.86105476673428,0.10293096075379946,0.36600110964033133
subImage_7,channel0,790,0,0.59168404,0.39953262,0.6553957,0.4179266,339.24557864665985,1061.2398412823677,2.145765835842251,6.712459464151598,122.97380952380952,0.09656555663174575,0.17529769007123625
subImage_7,channel1,790,0,0.43307832,0.49754035,0.49056205,0.51284987,419.31194216012955,990.8917805552483,2.652194447565652,6.267500193265327,95.88923076923076,0.08037252037077293,0.15816207289469536
subImage_7,channel2,790,0,0.7801476,0.786116,0.84381175,0.80453736,660.1211443543434,1143.2111613452435,4.175339306479085,7.23093713690856,111.68809523809524,0.09670918459834968,0.17516698398445316
subImage_7,channel3,790,0,0.43065807,0.78725064,0.49647972,0.80555284,661.0134434700012,991.6524697840214,4.180983197153708,6.272311636837579,98.54523809523809,0.09608366759346679,0.18110320509271785
subImage_7,channel4,790,0,0.25687838,0.7873452,0.3143475,0.80373377,660.2977588772774,914.241629242897,4.176456412886004,5.782679501852606,90.30857142857143,0.08603753280519007,0.15812189348282352
subImage_7,channel5,790,0,0.2392898,0.4000831,0.30921143,0.41799632,339.50295597314835,909.2990193143487,2.1473937759212416,5.751416946959827,114.82619047619048,0.0940415845650197,0.19238398496973447
subImage_7,channel6,790,0,0.2388026,0.20765889,0.3001233,0.22531655,179.68480810523033,907.2163834795356,1.1365263004758401,5.738244044778846,72.37530864197531,0.09269996167435667,0.16871921336402024
subImage_7,channel7,790,0,0.61679125,0.5935074,0.6844299,0.6087463,498.93528521060944,1073.0155962705612,3.1558209058229565,6.786942417903613,110.60742705570291,0.08000171614326607,0.18610250791517108
subImage_7,channel8,790,0,0.08562587,0.786678,0.14716637,0.8053036,660.672359764576,840.6323129311204,4.178825804962529,5.317092428406833,94.99074074074075,0.0977812312510404,0.16932395451209123
subImage_7,channel9,790,0,0.7758036,0.11209576,0.8288342,0.12584378,98.74490767717361,1139.008721858263,0.6245724710763669,7.204356241987748,58.84189723320158,0.07217493070823192,0.1459094842425786
subImage_7,channel10,790,0,0.26692373,0.8836777,0.3297802,0.90120524,740.7264295220375,919.783101901412,4.68517665731839,5.817729929800202,79.71604938271605,0.09201671185936827,0.1729447345127417
subImage_7,channel11,790,0,0.2453827,0.9789825,0.31023982,0.99684244,819.967355132103,910.8478976786137,5.186384282935502,5.761213774058277,103.41190476190476,0.09376183859084995,0.17844939593798295
subImage_7,channel12,790,0,0.60282815,0.30322298,0.6653866,0.3196441,258.48983719944954,1065.836710780859,1.634976832381085,6.741535172554452,100.4074074074074,0.08620822791582719,0.17212482851415703
subImage_7,channel13,790,0,0.7716189,0.3994374,0.83365834,0.4181821,339.3120935559273,1139.1477997601032,2.146186550005865,7.205235925111342,110.5925925925926,0.0984067482559233,0.17069673741791233
subImage_7,channel14,790,0,0.7939243,0.8831898,0.8526233,0.9008291,740.3678327798843,1148.124093413353,4.6829084932314,7.262011976049038,117.54857142857144,0.09260342740922091,0.16150581995042948
subImage_7,channel15,790,0,0.7803675,0.30270487,0.8374004,0.31931624,258.13876017928123,1141.8645118176937,1.6327562313680026,7.22241942958693,98.20571428571428,0.08720705246789631,0.15692159505225223
subImage_7,channel16,790,0,0.59341216,0.20783447,0.6485419,0.22162724,178.2266066223383,1060.1250141859055,1.1273030146890468,6.70540805936689,112.98484848484848,0.07240985161439291,0.1516853156985549
subImage_7,channel17,790,0,0.6161092,0.88481796,0.67954576,0.8998154,740.622835457325,1071.8049521744251,4.684521413392314,6.779284959990038,124.7253086419753,0.07873409764062446,0.17454084114965043
subImage_7,channel18,790,0,0.7825894,0.49724388,0.8392418,0.5126676,419.11326318979263,1142.7482813596725,2.6509377810866073,7.2280093697639,61.283076923076926,0.08097206543398235,0.1558747983747913
subImage_7,channel19,790,0,0.07309478,0.015852548,0.12346073,0.029051216,18.63506226800382,832.7508234605193,0.11786883154967628,5.267241135107649,58.85950413223141,0.06929092064433878,0.13857805355676436
subImage_7,channel20,790,0,0.4405136,0.88424724,0.50343,0.9014148,741.049752831459,995.3077372908592,4.687221713038957,6.2954316084178314,110.75061728395062,0.09012701841640292,0.1731096340990157
subImage_7,channel21,790,0,0.25566632,0.49832666,0.30927008,0.51188385,419.23736333847046,912.873666882515,2.6517227282635703,5.774026988504206,90.68774703557312,0.07117313346404354,0.14748664915674778
subImage_7,channel22,790,0,0.9434227,0.40033785,0.9964002,0.41587698,338.7291543185711,1211.9114704430103,2.142499394804371,7.665474196350476,118.81939799331104,0.08157802525387015,0.1457635263790442
subImage_7,channel23,790,0,0.43136907,0.30391994,0.4899613,0.32022595,259.0205465257168,990.3893538564444,1.6383336276136418,6.264322288782064,92.56508875739645,0.08560398912821895,0.16121201825096665
subImage_7,channel24,790,0,0.07144156,0.3998397,0.14094034,0.4208404,340.5822463333607,836.1930631101131,2.154220406915627,5.289013681910899,108.12777777777778,0.11025042303146854,0.19122054499964558
subImage_7,channel25,790,0,0.08609617,0.30428988,0.14256246,0.32059336,259.3265423178673,839.7332523390651,1.6402690848694956,5.311405770645573,60.32857142857143,0.08559069024242229,0.15536267487102487
subImage_7,channel26,790,0,0.7886626,0.59158045,0.8593285,0.6091809,498.31597179174423,1148.4380687773228,3.1519036798971802,7.263997904979903,109.9,0.09239971977031208,0.1944317819950024
subImage_7,channel27,790,0,0.60680467,0.78713125,0.66995746,0.8041706,660.3902712464333,1067.6957628130913,4.177041563861057,6.753293882435744,97.04081632653062,0.08945393833761196,0.173760048578541
subImage_7,channel28,790,0,0.7640041,0.20734558,0.8231166,0.22347239,178.78945410251617,1135.1987548172474,1.1308630873024426,7.180257778730217,87.23076923076923,0.08466321030121525,0.1626434712980006
subImage_7,channel29,790,0,0.9398117,0.20808648,0.99309826,0.22349037,179.1043919324875,1210.4079174995422,1.1328551039373023,7.655964057555612,98.8561872909699,0.08086802120980847,0.1466138539323318
subImage_7,channel30,790,0,0.09384371,0.5943512,0.16272314,0.6103921,499.9684554338455,845.8032903820276,3.162355821845955,5.349799433156405,106.55384615384615,0.0842122998439685,0.18951644594348133
subImage_7,channel31,790,0,0.09190204,0.8825227,0.16103895,0.9013302,740.2989432215691,845.0146653316915,4.682472759149709,5.344811292420566,91.5625,0.09873624770872054,0.1902248950735215
subImage_7,channel32,790,0,0.5916938,0.9788659,0.6585183,0.99626297,819.6784889698029,1061.9211389124393,5.184557172484522,6.716768747074252,117.1896551724138,0.09133174101210031,0.18386246470391637
subImage_7,channel33,790,0,0.44638786,0.59241855,0.50888574,0.6096489,498.85798543691635,997.7720076590776,3.155331976198079,6.311018391265513,102.53827160493827,0.09045651786920016,0.17195812495428878
subImage_7,channel34,790,0,0.26920277,0.5939716,0.33390903,0.6101898,499.7269833087921,921.1768172681332,3.160828483926579,5.826545333764283,101.04336734693878,0.08514290893477476,0.17803431801370695
subImage_7,channel35,790,0,0.24679261,0.11278527,0.30330583,0.12471718,98.56351912021637,909.6464126557112,0.6234251683758151,5.753614248296718,94.0,0.06264064656564662,0.15549178198121302
subImage_7,channel36,790,0,0.94122934,0.9793497,0.9996722,0.9975794,820.425563454628,1212.1460801362991,5.1892825012942945,7.666958128629343,107.78933333333333,0.09570316300220236,0.16080095826787785
subImage_7,channel37,790,0,0.24537812,0.6893177,0.30359778,0.70421565,578.3163398504257,909.4022582098842,3.6579148630640463,5.752069944401544,41.73397435897436,0.07821184257251564,0.16018691025603654
subImage_7,channel39,790,0,0.41501337,0.2085293,0.47544807,0.2228227,179.0110756456852,983.6753642559052,1.1322648680941505,6.2218555613909245,95.82517482517483,0.07503810259151278,0.16628143004719625
subImage_7,channel40,790,0,0.42076957,0.40084192,0.48170513,0.4184592,340.00996828079224,986.2882475554943,2.1506006848879964,6.238382337479407,119.06923076923077,0.09248796178900992,0.1676595018756005
subImage_7,channel41,790,0,0.07046031,0.20757599,0.1293643,0.22486213,179.46181990206242,833.461852427572,1.1351158754083643,5.271738472027653,84.14285714285714,0.09074948450042657,0.16206978719533055
subImage_7,channel42,790,0,0.08330691,0.49632928,0.14318627,0.51550174,419.9098713696003,839.2622666060925,2.655976416000002,5.308426733751375,81.8798076923077,0.10065238246579927,0.16475346441287017
subImage_7,channel43,790,0,0.42774925,0.11161958,0.4747158,0.12593201,98.58390770852566,986.2861473858356,0.6235541284536726,6.23836905367385,86.52916666666667,0.07513800069246768,0.12922486046459913
subImage_7,channel45,790,0,0.6044315,0.49684355,0.6609888,0.5105244,418.05769458413124,1065.2289190888405,2.644261192815504,6.737690822826315,104.03636363636363,0.07182227554840048,0.1556130582060262
subImage_7,channel47,790,0,0.5958747,0.6888716,0.6571946,0.70322174,577.7187445759773,1062.5425817072392,3.6541350068056757,6.720699441538514,66.78846153846153,0.075335841175878,0.16871695839702744
subImage_7,channel48,790,0,0.942716,0.11185362,0.9962945,0.12592633,98.67868032306433,1211.7347839474678,0.6241535757309571,7.664356634708841,54.57971014492754,0.07387949583803378,0.14741711417456957
subImage_7,channel49,790,0,0.41245562,0.015597955,0.46789333,0.02814499,18.15332196187228,981.4758967608213,0.11482177078983098,6.2079436860267005,60.11742424242424,0.06586994361992428,0.1525326092962522
subImage_7,channel50,790,0,0.07112512,0.98034215,0.1339173,0.9972402,820.6966692209244,834.596726745367,5.190997275274664,5.278916677706306,101.3061224489796,0.08871201696763831,0.17276786310170586
subImage_7,channel51,790,0,0.5973183,0.10988881,0.6543778,0.12608263,97.92814590036869,1062.243903875351,0.6194063624311745,6.71881027119134,65.7476923076923,0.0850150049449069,0.1569949019792184
subImage_7,channel52,790,0,0.2537638,0.30427837,0.31077537,0.31837758,258.40222254395485,912.7872682362795,1.6344226599870642,5.773480507503349,80.95,0.07401862565208883,0.15686296591043924
subImage_7,channel53,790,0,0.42909405,0.6898657,0.47755596,0.70293033,578.010356426239,987.1963764727116,3.655979484036932,6.244126353401085,73.6926406926407,0.06858720423525304,0.13333923224027514
subImage_7,channel54,790,0,0.77091277,0.97697216,0.8341009,0.9956936,818.6563014984131,1139.090472906828,5.178091723582625,7.204873326418898,104.56712962962963,0.09828471142155396,0.1738572991550308
subImage_7,channel55,790,0,0.9448738,0.68918586,0.99855524,0.7013788,577.0843422412872,1212.695818990469,3.650122341817123,7.670435287732251,67.79565217391304,0.06401113586136241,0.14770033802886615
subImage_7,channel57,790,0,0.7786402,0.68931293,0.8267581,0.70352054,578.0258905887604,1139.174129664898,3.6560777393343478,7.205402464673611,68.77489177489177,0.07458766150670591,0.13239263809609458
subImage_7,channel58,790,0,0.08205016,0.6886905,0.13308407,0.7045938,578.2129684090614,836.791695728898,3.6572610272552906,5.292800099487021,57.88811188811189,0.08348977920150998,0.14041589265530205
subImage_7,channel59,790,0,0.59081197,0.015229849,0.6474933,0.029190054,18.43425987288356,1059.3313963711262,0.11659873417383654,6.700388338843302,61.145833333333336,0.07328886885118213,0.15595433721053759
subImage_7,channel60,790,0,0.24582128,0.015982876,0.29539546,0.030714959,19.379601320251822,907.7146422490478,0.12257812346775346,5.741395586647993,54.39393939393939,0.07734110780357183,0.13639955044471336
subImage_7,channel61,790,0,0.40899318,0.9764449,0.48235714,0.9959664,818.5506790876389,983.8686965405941,5.177423650143193,6.223078409491423,59.986328125,0.10248465601361906,0.2018552973329229
subImage_7,channel62,790,0,0.08103945,0.111161776,0.13055143,0.12760633,99.08876489847898,836.0210161097348,0.6267474060624857,5.28792546558972,66.25274725274726,0.08633132083818627,0.1362283984499593
subImage_7,channel63,790,0,0.94141227,0.01493056,0.98923516,0.029389614,18.392872414551675,1209.9158166348934,0.11633695391873292,7.65285146511634,56.53174603174603,0.0759077470473931,0.1315810139762835
subImage_7,channel65,790,0,0.76939625,0.015416493,0.820013,0.02825219,18.122503315098584,1135.6965079903603,0.1146268394376887,7.183406122646175,70.21487603305785,0.06738538099223115,0.13926807345656333
subImage_8,channel0,790,790,0.6076358,0.13000993,0.6615415,0.14619683,904.6258060634136,1066.046066582203,5.721858355872318,6.742859371171429,127.0031055900621,0.08497862858081602,0.14831746099569765
subImage_8,channel1,790,790,0.09613021,0.33105686,0.16374128,0.3500372,1072.654030919075,846.5220475196838,6.784655477033997,5.354345651610903,83.94375,0.09964370109249261,0.18602665902541302
subImage_8,channel2,790,790,0.2691832,0.33186427,0.33253816,0.34974834,1072.8692334890366,920.874392837286,6.786016657109656,5.824632465763984,86.88888888888889,0.09388856914961813,0.1743163284359666
subImage_8,channel3,790,790,0.7813865,0.12883283,0.8449028,0.14576901,903.9597664773464,1143.7179245054722,5.717645581766897,7.234142469990336,108.82142857142857,0.08891228254198802,0.1747602699377505
subImage_8,channel4,790,790,0.6189437,0.33103272,0.6846967,0.34893063,1072.1847903728485,1073.5417795181274,6.781687478639142,6.790270585187397,100.55238095238096,0.09396116542031989,0.18091427985812047
subImage_8,channel5,790,790,0.27494714,0.9404317,0.3325575,0.9556677,1576.8812462687492,922.1322583407164,9.973948426747306,5.832588604305606,75.22909090909091,0.07998638331022992,0.158510485794784
subImage_8,channel6,790,790,0.42778137,0.12971559,0.49572054,0.14653821,904.6453288942575,990.8616651594639,5.721981839938378,6.267309710053535,106.86699507389163,0.08831610131459776,0.18692938381173352
subImage_8,channel7,790,790,0.62211794,0.9375077,0.69121146,0.9556712,1575.6692352890968,1075.6491442024708,9.966282323144192,6.803599900078879,131.43333333333334,0.09535551448172967,0.19010552532080227
subImage_8,channel8,790,790,0.6096468,0.73714185,0.66123027,0.75230134,1408.1189209222794,1066.4157612621784,8.906508038724095,6.74519773094357,121.66433566433567,0.07958491341665076,0.1419279505224789
subImage_8,channel9,790,790,0.7972287,0.33037454,0.8580353,0.34827387,1071.6390910744667,1150.0199243426323,6.77823587017373,7.274003316525188,79.74567901234568,0.093968675379358,0.167304775067932
subImage_8,channel10,790,790,0.25505984,0.12972938,0.312855,0.14577967,904.3362534791231,913.5214784741402,5.720026903726269,5.778124468527135,102.15680473372781,0.08426150572141615,0.15901896035196206
subImage_8,channel12,790,790,0.7797067,0.5316933,0.8364545,0.5488397,1238.4211817383766,1141.515066921711,7.833151054638688,7.22020915193998,105.22321428571429,0.09001593360563082,0.1561371945339543
subImage_8,channel13,790,790,0.25845814,0.7377837,0.3168926,0.75469595,1409.3790432810783,915.1387841254473,8.914478452125731,5.788354105790305,111.56285714285714,0.08878680364305953,0.16077791660515134
subImage_8,channel14,790,790,0.08387014,0.12922043,0.14469221,0.14918828,905.5396130681038,839.7123122215271,5.727638286325767,5.311273322084295,118.25721153846153,0.10482807614847046,0.16734725044619653
subImage_8,channel15,790,790,0.09310572,0.22970395,0.15511915,0.24579868,987.3335894197226,843.9889090880752,6.244994240478953,5.338323270639311,68.34391534391534,0.08449478382403755,0.17062519346514055
subImage_8,channel16,790,790,0.62536615,0.8376098,0.6776848,0.8527106,1491.4829793572426,1073.4135784208775,9.433794935845937,6.789459699056783,129.66666666666666,0.07927669218112818,0.14395069691442675
subImage_8,channel17,790,790,0.09427256,0.43212295,0.16123599,0.4501457,1156.14148452878,845.5731095187366,7.312722862294623,5.348343513717499,93.24137931034483,0.09461656580387527,0.18424472260859703
subImage_8,channel18,790,790,0.6270283,0.63470787,0.6795442,0.6483538,1322.4705985188484,1074.1795180737972,8.3647729191578,6.794304352142929,108.98913043478261,0.07163906383936651,0.14449352896869522
subImage_8,channel19,790,790,0.08785915,0.7364377,0.1422655,0.7543208,1408.6647686362267,840.052110273391,8.909960585934387,5.31342258237439,110.96811594202899,0.09388356251025938,0.1496948973334039
subImage_8,channel20,790,790,0.44637707,0.3315002,0.5085013,0.34860486,1072.2436000406742,997.6860433071852,6.782059456297749,6.3104746572244474,68.01322751322752,0.08979673667620587,0.1709300240031682
subImage_8,channel21,790,790,0.62129927,0.4328995,0.6784135,0.44777656,1155.4805652797222,1072.687529027462,7.308542474887553,6.784867356277432,94.75,0.07810216587906317,0.15714545177553818
subImage_8,channel22,790,790,0.6115408,0.5341417,0.6618598,0.54901165,1239.5086473226547,1066.9646315276623,7.8400293948302,6.748669396126896,118.87698412698413,0.07806477254135256,0.13844890544717633
subImage_8,channel23,790,790,0.6178314,0.23072341,0.672719,0.24509963,987.4665635824203,1070.6947143375874,6.245835316776852,6.772262582780439,120.54513888888889,0.07547289792832357,0.15101899345188033
subImage_8,channel24,790,790,0.79596627,0.83530885,0.85350966,0.8519454,1490.2105137705803,1148.7610152363777,9.425746450161798,7.2660405770801875,120.84285714285714,0.08733925903846311,0.15832623449177172
subImage_8,channel25,790,790,0.4419642,0.23025924,0.50047547,0.24367067,986.6809134185314,994.9806293845177,6.24086599252708,6.293362614702831,71.41818181818182,0.07040789992955573,0.1609892275120773
subImage_8,channel26,790,790,0.799653,0.43293926,0.85096455,0.44827607,1155.7043635845184,1149.0093149244785,7.309958023937497,7.267611100091578,74.56187290969899,0.08051583542241694,0.14117979347366535
subImage_8,channel27,790,790,0.27205393,0.8366444,0.32186633,0.8528108,1491.1239126324654,919.1776566952467,9.431523799066827,5.813900421854817,113.86013986013987,0.08487098583460306,0.13705500785042257
subImage_8,channel28,790,790,0.4370081,0.53246564,0.48518613,0.5479783,1238.3842262625694,990.5772477388382,7.832917307163626,6.265510738386073,103.61904761904762,0.08143893455418509,0.13255811167396675
subImage_8,channel29,790,790,0.79767394,0.94015604,0.855247,0.9565357,1577.127071917057,1149.510309100151,9.975503301183156,7.27077994370747,117.26923076923077,0.08599059556120185,0.15840790529631119
subImage_8,channel30,790,790,0.0995481,0.63493234,0.16113606,0.651294,1323.7839278578758,846.6988053172827,8.373079872598835,5.355463664245937,104.34391534391534,0.08589609524330559,0.1694545376006747
subImage_8,channel31,790,790,0.78667915,0.22966877,0.8450778,0.24532267,987.1214479207993,1144.9071390926838,6.24365242201644,7.241664383887943,92.47692307692307,0.08218054300919882,0.16067943604666549
subImage_8,channel33,790,790,0.09825849,0.9405648,0.16427976,0.9559605,1577.0580092072487,847.1020686812699,9.975066471899106,5.35801434966015,109.69905956112852,0.08082499540281929,0.18165245355306583
subImage_8,channel35,790,790,0.27135387,0.43350422,0.32273728,0.4485926,1156.0701832175255,919.2148245126009,7.312271873608636,5.814135512413667,81.1958041958042,0.07921160586946452,0.14137749257983473
subImage_8,channel36,790,790,0.27312154,0.6357304,0.3233389,0.64806217,1322.7739104628563,919.7301439195871,8.366691400777079,5.81739496470327,96.17272727272727,0.06473991480301935,0.1381692075412685
subImage_8,channel37,790,790,0.44258288,0.63441575,0.50286525,0.6490689,1322.6461246609688,995.634968355298,8.365883141435603,6.297501381121429,102.33333333333333,0.07692670083211842,0.1658623341817331
subImage_8,channel38,790,790,0.0973913,0.8375365,0.16221534,0.85349566,1491.7783510684967,846.4644435606897,9.435663194614147,5.353981300194115,100.12087912087912,0.08378298051895633,0.17835835677057335
subImage_8,channel39,790,790,0.4487082,0.43263954,0.5017278,0.44718075,1155.1254191994667,996.7198356240988,7.306296136619017,6.3043632866799415,75.0036231884058,0.07633904653738602,0.1458793906830746
subImage_8,channel40,790,790,0.08601354,0.534089,0.15354744,0.5490064,1239.4846040010452,842.1045124158263,7.839877318159679,5.32640425310453,98.44252873563218,0.07831385284945001,0.18581432313349033
subImage_8,channel41,790,790,0.434635,0.73684126,0.48737895,0.75287855,1408.2337203621864,990.5380380898714,8.907234157888592,6.2652627330162645,100.50836120401338,0.08419321203141329,0.14512090178549403
subImage_8,channel42,790,790,0.71942997,0.024806468,0.84367293,0.04883549,820.5614124517888,1129.974880963564,5.190141761238386,7.147216198378013,97.40092592592593,0.1261485662784929,0.3418449602271845
subImage_8,channel43,790,790,0.78160405,0.73644936,0.8344516,0.7521873,1407.7842190861702,1141.4921076595783,8.904391012562746,7.220063932065644,110.7190635451505,0.082621753102688,0.14540601161218458
subImage_8,channel44,790,790,0.44933468,0.9380152,0.5012953,0.9557127,1575.8970779180527,996.7620269954205,9.96772345299211,6.30463015177369,107.2809364548495,0.09290883241010421,0.14296572733196858
subImage_8,channel45,790,790,0.881908,0.026719,0.9987012,0.05038326,821.997437402606,1199.0325041115284,5.199224778005098,7.58401330873832,103.6656346749226,0.1242336147311064,0.32134755625896705
subImage_8,channel46,790,790,0.011366399,0.026181573,0.14047927,0.049821757,821.5413818787783,823.0264322785661,5.196340176336359,5.205733284494409,84.69298245614036,0.12410722642307565,0.3552441329711189
subImage_8,channel47,790,790,0.26942122,0.23173979,0.31350833,0.24444926,987.6184545457363,916.7871774733067,6.246796043932551,5.798780376175247,101.19473684210526,0.06672270044656134,0.12130230043147049
subImage_8,channel48,790,790,0.8004736,0.63478905,0.8498112,0.6485164,1322.571768462658,1148.9369368553162,8.36541283025084,7.267153300792638,86.60714285714286,0.07206650567461914,0.13574868497178946
subImage_8,channel49,790,790,0.25847536,0.53402716,0.30815658,0.54730123,1238.7512826919556,913.2424475997686,7.835238979708763,5.776359567360966,84.28512396694215,0.06968678740441686,0.13669404913397395
subImage_8,channel52,790,790,0.45398602,0.83918923,0.49691102,0.8532273,1492.3528677225113,996.8201057612896,9.439297076043713,6.304997506396519,108.23245614035088,0.07369773136068944,0.11810483923446974
subImage_8,channel53,790,790,0.20869367,0.028921787,0.31245908,0.046914846,821.4722024463117,903.3507230505347,5.1959026087685745,5.7137933146776385,100.34603174603174,0.09446071459664943,0.28550255994190527
subImage_10,channel0,1185,0,0.23662186,0.7835133,0.30579895,0.8046743,659.09786850214,1302.9765249788761,4.168866973448071,8.24147074622945,109.573055028463,0.11109200781617716,0.19033544995526885
subImage_10,channel1,1185,0,0.6365072,0.8814892,0.70018417,0.89983124,739.2479878664017,1475.7303750514984,4.675825350198619,9.3341579699652,106.73571428571428,0.09629269478669429,0.1752022434683407
subImage_10,channel2,1185,0,0.42048302,0.39959002,0.48598248,0.41657484,338.70841324329376,1382.1562463790178,2.142368205207424,8.742291248444134,99.46059113300493,0.08916762114928388,0.18021671606874556
subImage_10,channel3,1185,0,0.42712954,0.78641534,0.49604797,0.80415136,660.0851783156395,1385.79110853374,4.175111817303223,8.7652821539136,102.06444444444445,0.09311128838917336,0.18962378237233893
subImage_10,channel4,1185,0,0.62193984,0.495286,0.6825353,0.50992435,417.1622911095619,1468.7233404815197,2.6385976667271467,9.289837700705373,98.86538461538461,0.07684909792205791,0.16672373157298542
subImage_10,channel5,1185,0,0.8225897,0.88049966,0.89435744,0.899771,738.8123139739037,1558.4360025823116,4.673069664604071,9.857280218736948,96.005859375,0.10117135192682891,0.19746344161893203
subImage_10,channel6,1185,0,0.60278827,0.39875805,0.67489374,0.4175457,338.7660603225231,1462.8958363831043,2.1427328293644723,9.252978092239749,100.54637096774194,0.09863220348454667,0.19839265201756803
subImage_10,channel7,1185,0,0.6177964,0.78635013,0.6888175,0.80326253,659.6892550587654,1469.188528060913,4.172607558878972,9.292780063636389,98.39170506912443,0.08878742947297938,0.19540904369028514
subImage_10,channel8,1185,0,0.6228277,0.30234808,0.6795787,0.31827694,257.5593829154968,1468.273398578167,1.6290916060436231,9.286991768362851,94.54,0.08362401971931625,0.15614605040432605
subImage_10,channel9,1185,0,0.41638952,0.11130858,0.475038,0.1249743,98.05739730596542,1378.8854849338531,0.6202238918783392,8.721603320264725,74.3709090909091,0.07174287337732044,0.1613667499860731
subImage_10,channel10,1185,0,0.80636847,0.7868082,0.8772347,0.8023881,659.516449868679,1551.1836889386177,4.171514546923966,9.81140853218607,100.74731182795699,0.08179190262897643,0.19498297792684421
subImage_10,channel11,1185,0,0.42031184,0.9782161,0.48146343,0.9962188,819.3904885649681,1381.136121377349,5.182735538045339,8.735838844891516,102.23703703703704,0.09451126991986172,0.16825391117490446
subImage_10,channel12,1185,0,0.6348646,0.5908586,0.70530844,0.6078619,497.46898889541626,1476.4876417815685,3.146546419325846,9.338947765854323,101.76190476190476,0.08926462478685952,0.19382072693935154
subImage_10,channel13,1185,0,0.8274762,0.59081745,0.89277995,0.608186,497.5864350795746,1559.1557125747204,3.1472892794406993,9.861832464103228,89.46059113300493,0.09118216766125789,0.17967822995086322
subImage_10,channel14,1185,0,0.808928,0.4948994,0.86743724,0.510681,417.31585174798965,1549.6094432473183,2.639568954762743,9.801451253936232,91.57988165680473,0.08285080685335047,0.1609836515936951
subImage_10,channel15,1185,0,0.22680537,0.11037878,0.28367263,0.12554607,97.90881168097258,1296.0289660468698,0.6192840713534002,8.197526666963123,72.30461538461539,0.07962586616203048,0.15646588672270584
subImage_10,channel16,1185,0,0.2506667,0.5918731,0.32116202,0.60884047,498.29613357782364,1309.3727472424507,3.151778200998252,8.2819275600408,94.87619047619047,0.08907593706602691,0.19396242086529958
subImage_10,channel17,1185,0,0.7947277,0.20582087,0.85447073,0.2214905,177.33422093093395,1543.7006548047066,1.1216585764132445,9.764077512996247,98.36686390532545,0.08226307432987809,0.16437840190286654
subImage_10,channel18,1185,0,0.6117753,0.9779204,0.6789977,0.9953032,818.887805044651,1465.7431219518185,5.179556009137578,9.270987488626302,95.34252873563219,0.0912569543366791,0.184957312678024
subImage_10,channel19,1185,0,0.43198824,0.30347604,0.48826072,0.3183657,258.06431740522385,1385.1541478186846,1.632285372582061,8.76125330688605,86.3876923076923,0.07816834739308655,0.1548293956769259
subImage_10,channel20,1185,0,0.2164444,0.20735107,0.27730992,0.22283936,178.52902807295322,1292.3915661871433,1.1292158638390464,8.17451971022861,69.92307692307692,0.08131103056431721,0.16746680469621517
subImage_10,channel21,1185,0,0.7975626,0.39808905,0.8648619,0.41566372,337.707399725914,1546.5773297846317,2.136036683908374,9.782272800661806,103.00888888888889,0.09226422759266611,0.1851688695813492
subImage_10,channel22,1185,0,0.80935645,0.3022772,0.8696817,0.31631935,256.71756982803345,1550.1908013224602,1.6237670450856005,9.805128408111702,90.40384615384616,0.0737190095779641,0.1659803304545567
subImage_10,channel23,1185,0,0.23716088,0.30394006,0.29333943,0.3176377,257.9547743499279,1300.3838169202209,1.6315925006320549,8.22507158077306,84.21212121212122,0.07191051756709832,0.15457097645955023
subImage_10,channel24,1185,0,0.4322203,0.49687347,0.48051947,0.51047564,418.0498780310154,1383.520902916789,2.6442117522518367,8.750922852098602,81.07359307359307,0.07140922780130424,0.1328914367949035
subImage_10,channel25,1185,0,0.8006383,0.97655994,0.8647433,0.99470776,818.0760955810547,1547.2205002605915,5.174421856932667,9.78634092511443,122.07619047619048,0.09527321784727034,0.17637991023018418
subImage_10,channel26,1185,0,0.21987015,0.40042165,0.290006,0.4172327,339.32655170559883,1295.8980651944876,2.146277999402902,8.196698704582463,119.70276497695852,0.08825531758363302,0.19297343334165423
subImage_10,channel27,1185,0,0.41159004,0.20751423,0.4725613,0.2212924,177.95475259423256,1377.3029163479805,1.1255835078699086,8.711593398785455,82.44755244755245,0.07233326567795215,0.16775773643768715
subImage_10,channel28,1185,0,0.438552,0.8838633,0.50750405,0.8990843,739.9232539534569,1390.767188295722,4.680096482944066,8.796756409207603,90.52820512820513,0.07990815457024956,0.1897162770184439
subImage_10,channel29,1185,0,0.6024032,0.20656335,0.66350275,0.22128898,177.55871802568436,1460.334549844265,1.1230785453869978,9.236777671374224,97.84615384615384,0.07730720542338285,0.1681106592717614
subImage_10,channel30,1185,0,0.25036702,0.88175154,0.3190869,0.8996523,739.2825934290886,1308.8562286645174,4.676044234213084,8.278660522862221,96.38222222222223,0.09397618533839612,0.18907750636848145
subImage_10,channel31,1185,0,0.4126206,0.014380081,0.46649247,0.028022328,17.596999742090702,1376.207094490528,0.11130297117071918,8.704662204241163,79.23188405797102,0.07161964355466638,0.14822431035919478
subImage_10,channel32,1185,0,0.8027576,0.10874452,0.8601412,0.12434581,96.73248536884785,1546.6804973781109,0.611843677222314,9.782925347110126,93.4523076923077,0.0819043173283282,0.1578865569275742
subImage_10,channel33,1185,0,0.22239353,0.013458984,0.2785588,0.02930247,17.74600355885923,1293.9571292325854,0.11224543680492871,8.184422069782324,65.34769230769231,0.08317579837500634,0.15453440499486687
subImage_10,channel34,1185,0,0.22540037,0.97902274,0.28906783,0.99498075,819.2114499211311,1296.896835230291,5.181603098805383,8.203016035612213,115.22507122507122,0.08377703513471783,0.175176126850624
subImage_10,channel35,1185,0,0.22988735,0.6892845,0.28810146,0.70337,577.9516085982323,1297.6625674590468,3.6556078975220254,8.207859376717563,94.44727272727273,0.07394649875382694,0.1601716584792852
subImage_10,channel36,1185,0,0.6009384,0.0135436,0.65763444,0.027644185,17.092931009829044,1458.7395876646042,0.10811468064407997,9.226689359042405,98.35636363636364,0.07402584225335203,0.15599484461760837
subImage_10,channel37,1185,0,0.42700648,0.6886395,0.47702745,0.7026294,577.376597225666,1381.6273795813322,3.651970886942859,8.738946107408806,74.45833333333333,0.07344458315811302,0.1376288354509922
subImage_10,channel38,1185,0,0.010018927,0.9743512,0.105184756,0.99991864,819.3219947814941,1210.0568011100404,5.182302307283328,7.653743207527137,102.99186991869918,0.1342248720582869,0.2618414654698668
subImage_10,channel39,1185,0,0.23826382,0.49546078,0.2944002,0.5091699,416.92172184586525,1300.8544202148914,2.637076039505789,8.228048198702664,125.36,0.07197059723940323,0.15445490715852045
subImage_10,channel40,1185,0,0.44718406,0.59296596,0.5066427,0.60647523,497.76809573173523,1392.4573192745447,3.148438303173531,8.807446674728302,87.93356643356644,0.07092154983626672,0.1635958873569626
subImage_10,channel41,1185,0,0.015675303,0.2057145,0.0989334,0.22564623,179.01469945907593,1209.9273925367743,1.1322877891149647,7.652924683977067,85.20826709062003,0.1046384496827581,0.22907825310553726
subImage_10,channel42,1185,0,0.7996493,0.685996,0.8608656,0.70193464,575.9912121295929,1546.161988824606,3.6432081728627,9.779645723115786,99.93447293447294,0.08367533777274337,0.1684319305691366
subImage_10,channel43,1185,0,0.0050431713,0.80451924,0.053770315,0.84925866,686.3178274035454,1197.7919332589954,4.341036226461387,7.576166560777959,84.57528957528957,0.23487490766188676,0.13406899080839735
subImage_10,channel44,1185,0,0.61546123,0.110076874,0.66597253,0.12424577,97.24389757961035,1463.7118430435658,0.6150784160633165,9.258139424690485,83.6590909090909,0.07438446235460695,0.13897796170308874
subImage_10,channel45,1185,0,0.61562955,0.687275,0.6731851,0.70086163,576.0766994953156,1465.3171893954277,3.6437488899134443,9.268293418060896,116.31272727272727,0.07132771345424471,0.15835969000206498
subImage_10,channel46,1185,0,0.009139392,0.7850847,0.122116394,0.8060231,660.3097558021545,1213.5481334407814,4.176532294763786,7.675826270972684,93.8364705882353,0.1099232704408707,0.31084754076597243
subImage_10,channel47,1185,0,0.01414875,0.011563756,0.1021733,0.031964403,18.06418566033244,1210.3000456443988,0.11425797381614447,7.655281756131554,72.52476780185758,0.10710017122964478,0.2421927798284921
subImage_10,channel48,1185,0,0.7965069,0.01333471,0.8538061,0.028037576,17.169498754665256,1543.943068832159,0.10859898010540958,9.765610808552555,103.98333333333333,0.07718772080165535,0.15765433632671494
subImage_10,channel49,1185,0,0.0038554908,0.124558724,0.04831222,0.172523,123.28891847282648,1196.3464772613952,0.7798160561216095,7.567023891596427,74.9775,0.2518048977678445,0.12231927581106716
subImage_10,channel50,1185,0,0.006150513,0.9002652,0.06981238,0.9490289,767.4570623040199,1201.5219291695394,4.854250868463124,7.599759197783297,90.99375,0.2560016740959404,0.1751607341384356
subImage_10,channel51,1185,0,0.004985905,0.3141515,0.049377088,0.3654453,282.0326644182205,1196.8239508231636,1.7838878204821031,7.570043964725892,85.83965728274174,0.2692842883146842,0.12213892777904556
subImage_10,channel52,1185,0,0.01205314,0.68591446,0.11086589,0.70958817,579.1335901618004,1211.734889333602,3.6630840617444678,7.664357301287805,83.20195838433293,0.12428325086662394,0.27187568934340967
subImage_11,channel0,1185,790,0.8073445,0.12602097,0.87728435,0.1451667,902.5428801774979,1551.4067736268044,5.708683619086008,9.81281956753197,99.57708333333333,0.10051204010627451,0.19243412723577452
subImage_11,channel1,1185,790,0.42831522,0.12861916,0.49484324,0.14414932,903.1989202648401,1385.7869665324688,5.712833145255155,8.765255955297082,102.93368700265252,0.081530853323662,0.18304674064411836
subImage_11,channel2,1185,790,0.6343752,0.33159703,0.70497286,0.34789783,1071.9903659820557,1476.3082069158554,6.780457722846651,9.337812820467143,121.3622828784119,0.08557660906922583,0.19424400474360137
subImage_11,channel3,1185,790,0.6199351,0.12810653,0.68835634,0.14450751,903.1348294764757,1469.5533871650696,5.712427763924578,9.295087837856228,87.93589743589743,0.08610254088811373,0.18825579639630252
subImage_11,channel4,1185,790,0.43132305,0.5323764,0.49957296,0.54806215,1238.382000029087,1387.4698830395937,7.83290322599043,8.775900588485728,107.17179487179487,0.08234763959779684,0.18778438529660624
subImage_11,channel5,1185,790,0.8210867,0.42834935,0.89167655,0.44997308,1154.5038053393364,1557.52600684762,7.302364360147605,9.851524394988108,113.77592592592593,0.11352116665004704,0.1942225210580699
subImage_11,channel6,1185,790,0.42937654,0.7361443,0.49260244,0.75242794,1407.7574795484543,1385.5304282158613,8.904221882026908,8.763633322048458,105.8188775510204,0.08548648956076847,0.1739611916342994
subImage_11,channel7,1185,790,0.2404133,0.7358393,0.30199203,0.7531983,1407.9506176710129,1302.9731575772166,8.905443502030442,8.241449447041218,120.55061728395061,0.09113210126767046,0.16942915897215566
subImage_11,channel8,1185,790,0.6209148,0.73690665,0.6862015,0.7510475,1407.5009679794312,1469.2978017032146,8.902599417959715,9.293471231519383,104.02380952380952,0.07423719675159393,0.17963132663741282
subImage_11,channel9,1185,790,0.62412715,0.53394544,0.6826199,0.5487175,1239.3051201105118,1469.2174896597862,7.838742062685084,9.292963248955004,99.95666666666666,0.07755096617716162,0.1609383882562395
subImage_11,channel10,1185,790,0.44376191,0.2297088,0.50315654,0.24444588,986.7741926014423,1390.954764559865,6.241455993684012,8.797942849841018,68.35666666666667,0.07736728509568776,0.16341975393512442
subImage_11,channel11,1185,790,0.7403977,0.023229053,0.8667792,0.050011992,820.3950339648873,1534.5609757304192,5.189089398892392,9.706268031185447,117.43719008264463,0.14060619572892663,0.34772903009881556
subImage_11,channel12,1185,790,0.82293165,0.33068097,0.8929113,0.34746882,1071.4321626722813,1558.1958442926407,6.776927025125119,9.855761190971794,124.43778801843318,0.0881335936642236,0.19254367763222507
subImage_11,channel13,1185,790,0.2554914,0.63467544,0.31202146,0.6479325,1322.2823086380959,1308.4340491890907,8.36358196482034,8.27599019094934,113.43939393939394,0.06959760664083926,0.15553811130306525
subImage_11,channel14,1185,790,0.25210258,0.23042218,0.3082578,0.24339001,986.6320599615574,1306.8783809244633,6.2405569890041575,8.266150416979526,98.51272727272728,0.06807903034034067,0.15450673039995516
subImage_11,channel15,1185,790,0.8078205,0.73516303,0.8804299,0.7539114,1407.9658797383308,1552.1944668889046,8.905540036295577,9.817801814604076,117.4989247311828,0.0984258360684785,0.19977925172114508
subImage_11,channel16,1185,790,0.6428209,0.939397,0.7051425,0.9562075,1576.6758638620377,1478.1820379197598,9.972649360291193,9.349665008980137,115.36111111111111,0.08825265780647369,0.1714731020538359
subImage_11,channel17,1185,790,0.44576544,0.4321924,0.5044241,0.4468369,1154.7971487045288,1391.6662229597569,7.304219789402459,8.802442902971263,110.07371794871794,0.07688132816292981,0.16139479357558364
subImage_11,channel18,1185,790,0.22988808,0.12878723,0.30304116,0.14592125,904.0040190517902,1300.9121100604534,5.717925484198546,8.228413093361501,103.63655913978495,0.08995084729396716,0.2012750738259737
subImage_11,channel19,1185,790,0.24811086,0.3253856,0.32491004,0.34954497,1070.0961875915527,1309.632046893239,6.768476834861181,8.28356765903377,102.6514705882353,0.12683288196006354,0.21130705298237373
subImage_11,channel20,1185,790,0.6367305,0.4321118,0.6979142,0.44745293,1155.0193639099598,1475.2852168679237,7.305625325173686,9.331342295179782,116.44729344729345,0.08053852175701125,0.16834222388222275
subImage_11,channel21,1185,790,0.44956177,0.8378207,0.5049961,0.85150445,1491.069938838482,1392.616342306137,9.431182408845553,8.808452513005294,98.92045454545455,0.07183745192395667,0.15252334343188176
subImage_11,channel22,1185,790,0.8266208,0.8367861,0.8879884,0.8520883,1490.8828610181808,1557.927502244711,9.42999912092461,9.854063897816008,96.47293447293447,0.0803340318307026,0.16884815647660895
subImage_11,channel23,1185,790,0.2371668,0.5322418,0.2944482,0.5494895,1238.9184975624084,1300.626263357699,7.836296632273298,8.226605081326369,89.10933333333334,0.09054757612253728,0.15760534204387122
subImage_11,channel24,1185,790,0.4456983,0.32959184,0.5122123,0.3474749,1070.9826985001564,1393.3455484360456,6.774084114485492,8.813064822492382,88.17471264367816,0.09388324959529946,0.18300811920944154
subImage_11,channel25,1185,790,0.8296766,0.9396738,0.896346,0.9551898,1576.368396282196,1560.4099157452583,9.970704593815281,9.869765437983924,91.88505747126437,0.0814567707069006,0.18343557895247803
subImage_11,channel26,1185,790,0.052663766,0.5334328,0.1162568,0.55003047,1239.6372494101524,1221.7402237839997,7.840842817268516,7.727642149171408,88.83928571428571,0.08713523848459435,0.17497135534797717
subImage_11,channel27,1185,790,0.252422,0.4326411,0.31146005,0.44677177,1154.9563367664814,1307.6443465054035,7.305226671514746,8.270995234063273,81.4895104895105,0.07418384475092733,0.162438638296254
subImage_11,channel28,1185,790,0.8148982,0.5331267,0.8744397,0.54669535,1238.1261563301086,1552.4309952557087,7.831284986275197,9.819297882705305,109.37062937062937,0.07123321313634845,0.1638239260190352
subImage_11,channel29,1185,790,0.8273966,0.63228565,0.8871123,0.6489075,1321.695151925087,1557.9056838154793,8.359868133618512,9.853925893836047,107.24725274725274,0.08726196904336252,0.16430329100230612
subImage_11,channel30,1185,790,0.25538406,0.8378428,0.3089207,0.85174656,1491.179593205452,1307.736287266016,9.431875984854218,8.271576769551018,99.02766798418972,0.07299242104102659,0.1473019878597368
subImage_11,channel31,1185,790,0.45126867,0.93865424,0.5138588,0.95489234,1575.8218312263489,1394.915224313736,9.967247509338069,8.822993196165312,100.05864197530865,0.0852474225313885,0.17221191123947924
subImage_11,channel32,1185,790,0.44746658,0.63526076,0.50249803,0.6481057,1322.597073316574,1391.6173032671213,8.36557288625284,8.802133480500451,86.04583333333333,0.06743379969298274,0.15141480165821777
subImage_11,channel33,1185,790,0.8212923,0.22794421,0.8827882,0.24344581,985.6268598884344,1555.6375005841255,6.234198987276625,9.83957938383381,110.07692307692308,0.08138096705785965,0.16920124330828265
subImage_11,channel34,1185,790,0.25731796,0.93971264,0.31877422,0.9560373,1576.7362195253372,1310.300049930811,9.973031116542296,8.287792852187293,121.40432098765432,0.08570177505319439,0.16909218490463054
subImage_11,channel35,1185,790,0.35572502,0.027074417,0.4883722,0.048606794,821.4077027421445,1368.5911468416452,5.195494641000281,8.656490492357023,106.30076628352491,0.11304157558100499,0.36496853975462507
subImage_11,channel36,1185,790,0.6414133,0.6341783,0.69661534,0.64840376,1322.2715485095978,1476.0212226212025,8.363513905816557,9.335997613037334,100.46527777777777,0.07468153599468233,0.15188424478672033
subImage_11,channel37,1185,790,0.002177871,0.23441409,0.06413938,0.29969007,1011.653223708272,1199.4240023352904,6.398818619280657,7.586489578338332,98.92318244170096,0.34268858367170735,0.1704823329781431
subImage_11,channel38,1185,790,0.6357015,0.83680576,0.6980614,0.852877,1491.2183544039726,1475.0934273004532,9.432121153725317,9.330129204936453,110.06837606837607,0.0843715735585685,0.17157855251029952
subImage_11,channel39,1185,790,0.013017477,0.023692872,0.11834927,0.0507924,820.911387950182,1213.5722671612166,5.192355395004313,7.675978919425784,100.22684310018903,0.14226823375995667,0.28981233229489545
subImage_11,channel40,1185,790,0.0051625855,0.33187693,0.06777864,0.3988104,1093.2352378964424,1200.8647164423019,6.914833889288061,7.595602254537013,99.68584656084656,0.3513900446484618,0.17228326044510164
subImage_11,channel41,1185,790,0.53999865,0.025659258,0.69823533,0.048950408,820.9630110580474,1454.3158914148808,5.192681916875695,9.198708990606455,99.3768115942029,0.12227485508933088,0.43537607116083943
subImage_11,channel42,1185,790,0.63899136,0.22960964,0.68896806,0.24232595,985.8532678335905,1473.831173479557,6.235631042590705,9.322145309801119,97.78099173553719,0.06675860743821233,0.1375070672333806
subImage_11,channel43,1185,790,0.0048521836,0.12611493,0.109287724,0.15102206,905.0118535012007,1209.825429887278,5.724300148647695,7.652279758932814,103.73439153439153,0.13075847836101756,0.28734636317189266
subImage_11,channel44,1185,790,0.005913534,0.8426687,0.08262481,0.9085113,1516.7396971583366,1204.2570894188248,9.59354647158973,7.6170593891133755,119.84517906336089,0.34566307505198024,0.21106517446038278
subImage_11,channel45,1185,790,0.0049928413,0.435987,0.065377906,0.5014529,1179.0375661849976,1200.3056375251617,7.457543113124589,7.5920660185019715,92.61748251748251,0.3436857654202369,0.16614486488992564
subImage_11,channel46,1185,790,0.0,0.7341598,0.107969604,0.77498084,1416.293378174305,1208.4833889640868,8.958212385669228,7.643791201543875,123.40409207161126,0.21430387819665356,0.29707006912190725
subImage_11,channel47,1185,790,0.0033874926,0.6320098,0.08887044,0.7067592,1345.5891427397728,1205.0661010842305,8.511000270333794,7.6221764774461125,99.37358326068004,0.3924225833429557,0.23519976972027962
subImage_11,channel48,1185,790,0.0055949753,0.7547629,0.0518021,0.80019265,1435.3065499663353,1197.4838636093773,9.078472801811102,7.574217986144069,125.21578947368421,0.23849908872769648,0.12713534911242674
subImage_11,channel49,1185,790,0.0031247267,0.8382711,0.116253614,0.887316,1506.118634045124,1210.9647891955683,9.526367071759164,7.659486332672791,121.86759581881533,0.2574780068768496,0.31126544060206757
subImage_11,channel50,1185,790,0.008286502,0.45895872,0.06616052,0.49864358,1187.4049513041973,1201.192227853462,7.5104677501846755,7.597673800464656,95.04363636363637,0.20833924968811168,0.15923591892622
