SubImage Number,Class Name,RelativeOriginX2Absolute,RelativeOriginY2Absolute,Ymin,Xmin,Ymax,Xmax,cX,cY
subImage_4,channel,476,0,0.3172105,0.2790846,0.39336756,0.30689546,645.1175768971443,156.1636853814125
subImage_4,channel,476,0,0.48379427,0.8829118,0.5582772,0.9072055,724.0130078792572,477.06626668572426
subImage_4,channel,476,0,0.30865017,0.58309746,0.38383093,0.6028048,640.8105019330978,316.0429463982582
subImage_4,channel,476,0,0.7991414,0.27768934,0.86976653,0.30456814,873.2000898122787,155.1716182678938
subImage_4,channel,476,0,0.63856405,0.27783266,0.7173345,0.3043418,798.7038570642471,155.14949096739292
subImage_4,channel,476,0,0.8017209,0.72936904,0.86979705,0.7502683,873.8212764263153,394.3233470618725
subImage_4,channel,476,0,0.6355819,0.13121577,0.7040798,0.15449329,794.8394887447357,76.14146269857883
subImage_4,channel,476,0,0.30296183,0.43057925,0.36995053,0.45512474,636.1531414985657,236.04011091589928
subImage_4,channel,476,0,0.16044807,0.731457,0.22463265,0.7529999,567.649212539196,395.60776299238205
subImage_4,channel,476,0,0.32477295,0.7311923,0.38648418,0.7541914,645.2791969180107,395.8547532260418
subImage_4,channel,476,0,0.30873296,0.13087477,0.37739763,0.15384527,639.2990788221359,75.87788890302181
subImage_4,channel,476,0,0.46589053,0.12793933,0.5443128,0.15480122,716.4283858537674,75.35035610944033
subImage_4,channel,476,0,0.4860993,0.27962342,0.55641454,0.30467236,724.1182956695557,155.71482522785664
subImage_4,channel,476,0,0.6202125,0.42973328,0.6970795,0.4531204,789.5154900550842,235.28050753474236
subImage_4,channel,476,0,0.16507903,0.88348424,0.24360113,0.90673584,573.2658770978451,477.09365180134773
subImage_4,channel,476,0,0.14928065,0.1310212,0.2244599,0.15502106,564.9502518177032,76.23026179522276
subImage_4,channel,476,0,0.64823115,0.88145965,0.7203096,0.90610886,801.7127017974854,476.38700780272484
subImage_4,channel,476,0,0.4563636,0.43063518,0.53135455,0.45197114,711.0769161581993,235.2145862877369
subImage_4,channel,476,0,0.80367136,0.88127977,0.8734361,0.9024524,875.1515738964081,475.3646248579025
subImage_4,channel,476,0,0.47073916,0.5792856,0.5459233,0.606265,717.9656627774239,315.94924291968346
subImage_4,channel,476,0,0.13174072,0.43206063,0.21411787,0.45658445,558.314344137907,236.82391454279423
subImage_4,channel,476,0,0.7833688,0.42987695,0.8475036,0.45257822,864.147637963295,235.1743028461933
subImage_4,channel,476,0,0.7880858,0.1287211,0.86457855,0.1519417,869.3341184854507,74.79663749039173
subImage_4,channel,476,0,0.4756473,0.7314896,0.54529136,0.7482232,718.9834021925926,394.3434570133686
subImage_5,channel,476,533,0.4735254,0.48281723,0.5465324,0.5049487,718.7737557888031,796.239614546299
subImage_5,channel,476,533,0.65603745,0.7845108,0.7269357,0.80840445,805.1476060152054,957.5119106471539
subImage_5,channel,476,533,0.4939683,0.78457457,0.5654046,0.8108702,728.1307506561279,958.1860229074955
subImage_5,channel,476,533,0.33122733,0.032416306,0.3975881,0.053074174,649.4580738544464,555.7832129374146
subImage_5,channel,476,533,0.49250138,0.031588618,0.5519592,0.05008781,724.5816215276718,554.7667678687721
subImage_5,channel,476,533,0.49212903,0.6326845,0.562106,0.6548677,726.9079397916794,876.1326712965965
subImage_5,channel,476,533,0.15869173,0.18223175,0.22147134,0.20204167,566.4788115024567,635.4088676944375
subImage_5,channel,476,533,0.32057086,0.48483738,0.38891757,0.50666004,644.8582443594933,797.2340643554926
subImage_5,channel,476,533,0.810792,0.63218737,0.8705598,0.6535232,876.161738038063,875.6418677568436
subImage_5,channel,476,533,0.8183323,0.9351894,0.87948084,0.9568728,880.0795304775238,1037.2345887720585
subImage_5,channel,476,533,0.48943666,0.33081517,0.5568788,0.35207927,725.0230798125267,714.9913678616285
subImage_5,channel,476,533,0.17864245,0.9376405,0.2550011,0.96103835,579.2071648240089,1038.9979106485844
subImage_5,channel,476,533,0.7965856,0.47924063,0.86174023,0.50390387,870.681552529335,795.008007094264
subImage_5,channel,476,533,0.6352816,0.4817373,0.71345353,0.5060986,796.9989665746689,796.2582710534334
subImage_5,channel,476,533,0.64949495,0.029777734,0.71516615,0.052031785,800.789341211319,554.8022367758676
subImage_5,channel,476,533,0.15663418,0.63455397,0.24603193,0.65627295,571.8345334231853,877.0053732991219
subImage_5,channel,476,533,0.3177297,0.18257944,0.3929207,0.20175178,645.1347985863686,635.4242718219757
subImage_5,channel,476,533,0.33046073,0.33179915,0.39341527,0.35231373,648.2824878692627,715.3160816282034
subImage_5,channel,476,533,0.6567289,0.33052096,0.71546763,0.34570813,802.582780122757,713.2150523513556
subImage_5,channel,476,533,0.63624686,0.17880483,0.7174638,0.20006555,798.1831350326538,633.9689570441842
subImage_5,channel,476,533,0.3330953,0.93613005,0.40720242,0.9590517,652.1908608675003,1038.0659430623055
subImage_5,channel,476,533,0.49725893,0.9351377,0.5724984,0.95834273,730.602240383625,1037.6125319600105
subImage_5,channel,476,533,0.8039221,0.32971781,0.8766596,0.3507064,875.9784419536591,714.3330528736115
subImage_5,channel,476,533,0.3290936,0.78386813,0.40199435,0.81496143,649.9989327788353,959.0880797207355
subImage_5,channel,476,533,0.8117492,0.7830219,0.88110346,0.8061306,878.8989368677139,956.5091452300549
subImage_5,channel,476,533,0.64510965,0.6316314,0.7188666,0.6543129,800.6263451576233,875.7041514217854
subImage_7,channel,952,0,0.5988325,0.27478558,0.6688439,0.3005854,1253.7069863080978,153.3363628089428
subImage_7,channel,952,0,0.5876544,0.12581302,0.65920067,0.1507536,1248.7515090703964,73.70500546693802
subImage_7,channel,952,0,0.7670779,0.87769663,0.83705866,0.89911854,1333.7845075130463,473.52124440670013
subImage_7,channel,952,0,0.73586696,0.4254077,0.8018814,0.44813904,1317.9841041564941,232.80020870268345
subImage_7,channel,952,0,0.12355599,0.87921655,0.1913718,0.9044369,1026.9528132081032,475.3436412513256
subImage_7,channel,952,0,0.28224543,0.8781986,0.35715547,0.9033617,1104.177414059639,474.78582042455673
subImage_7,channel,952,0,0.26217112,0.12759294,0.3361866,0.151516,1094.4091343283653,74.38253292441368
subImage_7,channel,952,0,0.74217457,0.12404254,0.81597686,0.14957516,1322.840038895607,72.91911698132753
subImage_7,channel,952,0,0.42690685,0.12571645,0.498141,0.15011774,1172.16138702631,73.50981106609106
subImage_7,channel,952,0,0.6069717,0.8777078,0.6703858,0.8982142,1256.011075258255,473.283213108778
subImage_7,channel,952,0,0.10078907,0.12731119,0.17879684,0.15183301,1018.5414472520351,74.39192868769169
subImage_7,channel,952,0,0.58543515,0.5772446,0.66199845,0.5984697,1248.8891974687576,313.3278487920761
subImage_7,channel,952,0,0.75883543,0.72506297,0.8242474,0.7456151,1328.7737194299698,391.9357112646103
subImage_7,channel,952,0,0.43641475,0.27491805,0.5084668,0.29847965,1176.8818038105965,152.81048598885536
subImage_7,channel,952,0,0.8974301,0.5765456,0.9708654,0.5991334,1396.6543409824371,313.3184450864792
subImage_7,channel,952,0,0.11723712,0.27635774,0.18851888,0.298163,1024.7699286341667,153.10977639257908
subImage_7,channel,952,0,0.10183031,0.5787684,0.17881829,0.6039529,1018.7943659871817,315.1952150464058
subImage_7,channel,952,0,0.43473735,0.7257161,0.5037598,0.7471942,1175.3623231053352,392.5305909514427
subImage_7,channel,952,0,0.43653372,0.8770437,0.5128708,0.9024455,1177.9582728743553,474.23387691378593
subImage_7,channel,952,0,0.27713436,0.72891235,0.33735165,0.7450743,1098.2476701140404,392.81743574142456
subImage_7,channel,952,0,0.11075119,0.7295321,0.17991231,0.74982107,1021.1779137402773,394.2476249933243
subImage_7,channel,952,0,0.09685044,0.43027455,0.16992345,0.4508348,1015.4921868741512,234.8156436085701
subImage_7,channel,952,0,0.9101538,0.27523127,0.979187,0.29665607,1401.6631146669388,152.40797720849514
subImage_7,channel,952,0,0.89708805,0.124368615,0.97183657,0.14806975,1396.8040590286255,72.60482552275062
subImage_7,channel,952,0,0.593549,0.72591,0.6598165,0.7428725,1250.3009929656982,391.4305321276188
subImage_8,channel,952,533,0.6146758,0.7781508,0.68559784,0.803261,1261.465130329132,954.4462390840054
subImage_8,channel,952,533,0.44827563,0.7781477,0.51992714,0.8049969,1182.4322592020035,954.9080372750759
subImage_8,channel,952,533,0.4507451,0.928849,0.5189,0.95604765,1182.775529742241,1035.3249534964561
subImage_8,channel,952,533,0.59032154,0.4764926,0.66149765,0.50092876,1249.9329680204391,793.4827959388494
subImage_8,channel,952,533,0.2898347,0.780109,0.35969505,0.80802834,1106.5880817174911,956.2385980784893
subImage_8,channel,952,533,0.4313786,0.47785452,0.4963915,0.5009214,1172.8092857003212,793.8437902182341
subImage_8,channel,952,533,0.2891248,0.9307586,0.36156446,0.9546984,1106.8640401363373,1035.4742849767208
subImage_8,channel,952,533,0.44761008,0.32769346,0.50903964,0.34855303,1179.6826335191727,713.2196906656027
subImage_8,channel,952,533,0.4480752,0.6275989,0.51380146,0.6483602,1180.926645219326,873.0430933535099
subImage_8,channel,952,533,0.43681595,0.1747305,0.4980498,0.1973372,1174.4980468153954,632.1560393571854
subImage_8,channel,952,533,0.77927154,0.928499,0.8431286,0.9516824,1338.1312391757965,1034.0683356821537
subImage_8,channel,952,533,0.26879513,0.47751102,0.34437868,0.5014903,1097.9353674054146,793.9038500338793
subImage_8,channel,952,533,0.7541787,0.4755538,0.8273154,0.5008908,1328.3955941200256,793.222486436367
subImage_8,channel,952,533,0.2862696,0.32731938,0.3503537,0.34845155,1103.5163437724113,713.092955082655
subImage_8,channel,952,533,0.613866,0.9289972,0.68174124,0.9543277,1260.3545157909393,1034.9060914814472
subImage_8,channel,952,533,0.12902567,0.7822767,0.20120539,0.8063854,1030.5949912369251,956.3784464299679
subImage_8,channel,952,533,0.60310024,0.026417682,0.6634021,0.0455287,1253.4275523424149,552.1737104458734
subImage_8,channel,952,533,0.75988305,0.17565663,0.8170131,0.1941468,1327.3012791872025,631.552613735199
subImage_8,channel,952,533,0.6065936,0.3265833,0.66900265,0.34559467,1255.591910123825,712.1354291141033
subImage_8,channel,952,533,0.44346046,0.026056945,0.5125436,0.050568555,1179.5289717912674,553.4206957165152
subImage_8,channel,952,533,0.7694677,0.6270674,0.8359171,0.6476047,1334.0815887451172,872.7001122534275
subImage_8,channel,952,533,0.2773524,0.026555505,0.3509917,0.049666796,1101.5458931326866,553.3132430911064
subImage_8,channel,952,533,0.1243197,0.32800633,0.18944551,0.35131174,1026.6761206686497,714.0382657647133
subImage_8,channel,952,533,0.9062429,0.17555279,0.97309184,0.19310455,1399.281669974327,631.2471799477935
subImage_8,channel,952,533,0.76976377,0.77863735,0.8414227,0.79926693,1335.4623738527298,953.5114916861057
subImage_8,channel,952,533,0.10824004,0.47971985,0.17955954,0.5030046,1020.4963004887104,794.8960680514574
subImage_8,channel,952,533,0.2765205,0.17739822,0.33797643,0.19506702,1098.250266134739,632.2619859203696
subImage_8,channel,952,533,0.12421552,0.6297734,0.19830649,0.65117514,1028.7602376490831,874.3727805018425
subImage_8,channel,952,533,0.0053474316,0.93464166,0.04200568,0.9553528,963.2700406890363,1036.6835189163685
subImage_8,channel,952,533,0.6114432,0.629144,0.6774956,0.64944756,1258.7674392461777,873.7446542680264
subImage_8,channel,952,533,0.12924848,0.9321866,0.20081332,0.95486826,1030.5547103583813,1035.9001203477383
subImage_8,channel,952,533,0.12651062,0.027741315,0.19008596,0.044556182,1027.349986642599,552.2672828761861
subImage_8,channel,952,533,0.9035549,0.47730425,0.97607386,0.5006384,1399.3516490459442,793.6217229813337
subImage_8,channel,952,533,0.28372353,0.6284716,0.35298195,0.64815265,1103.535906136036,873.2203659117222
subImage_8,channel,952,533,0.9300042,0.93073535,0.9949523,0.95017207,1410.1396471261978,1034.261826455593
subImage_8,channel,952,533,0.9184905,0.6269774,0.9907517,0.6517506,1406.399646639824,873.7810142040253
subImage_10,channel,1428,0,0.21755628,0.121733285,0.28368187,0.14615318,1547.2946802675724,71.39174352958798
subImage_10,channel,1428,0,0.3665447,0.42084467,0.4420542,0.4476438,1620.446539580822,231.45217479765415
subImage_10,channel,1428,0,0.2314533,0.27118126,0.304499,0.2986607,1555.5566473603249,151.8628799766302
subImage_10,channel,1428,0,0.871902,0.87191814,0.94275564,0.8977824,1859.8885155916214,471.6251904964447
subImage_10,channel,1428,0,0.709423,0.26947874,0.7869435,0.29634467,1784.1352272033691,150.7919376939535
subImage_10,channel,1428,0,0.23431292,0.8728179,0.31046146,0.900137,1557.6563032269478,472.4924758374691
subImage_10,channel,1428,0,0.5548382,0.87103,0.6290962,0.8997188,1709.7763849496841,471.90455362200737
subImage_10,channel,1428,0,0.6936375,0.11837316,0.77350223,0.14474282,1777.179253578186,70.1204085983336
subImage_10,channel,1428,0,0.526743,0.42303553,0.60026443,0.44604793,1696.227767109871,231.6107431948185
subImage_10,channel,1428,0,0.53997475,0.5703731,0.6091003,0.596394,1701.4798574447632,310.94343757629395
subImage_10,channel,1428,0,0.69295824,0.569544,0.76814854,0.5930233,1775.7434129714966,309.8241901099682
subImage_10,channel,1428,0,0.5499948,0.27251598,0.6259722,0.29381004,1707.880154967308,150.92588490247726
subImage_10,channel,1428,0,0.8653495,0.26964983,0.937151,0.29132015,1856.9951157569885,149.498499289155
subImage_10,channel,1428,0,0.6928973,0.4203421,0.76951313,0.44422168,1776.053687095642,230.40624287724495
subImage_10,channel,1428,0,0.2216312,0.5727515,0.28533623,0.59416527,1548.6582472324371,310.9833239018917
subImage_10,channel,1428,0,0.7127624,0.720449,0.78198117,0.74011284,1783.7489733695984,389.23972287774086
subImage_10,channel,1428,0,0.3805601,0.5732179,0.44921657,0.59573585,1625.4868485331535,311.52618139982224
subImage_10,channel,1428,0,0.85231984,0.57064,0.9240185,0.5943996,1850.768524646759,310.4830531179905
subImage_10,channel,1428,0,0.3765114,0.120997444,0.45385072,0.1450274,1625.6261824965477,70.89562062174082
subImage_10,channel,1428,0,0.7095527,0.8713555,0.7882617,0.8968433,1784.4798312187195,471.2249770462513
subImage_10,channel,1428,0,0.39499003,0.7223181,0.46017691,0.7406757,1631.5297321677208,389.8878478705883
subImage_10,channel,1428,0,0.399439,0.87366474,0.4691417,0.8955938,1634.7222063541412,471.50740590691566
subImage_10,channel,1428,0,0.06337189,0.12269819,0.13119453,0.148581,1474.3068082481623,72.29590307176113
subImage_10,channel,1428,0,0.07044184,0.5748341,0.13758142,0.59679514,1477.5095370709896,312.239195138216
subImage_10,channel,1428,0,0.07039322,0.26987386,0.14883131,0.3015399,1480.175437539816,152.2817658185959
subImage_10,channel,1428,0,0.048476096,0.42605248,0.12736277,0.44765374,1469.849650837481,232.84270805120468
subImage_10,channel,1428,0,0.39610022,0.27178088,0.45569348,0.29318312,1630.726902127266,150.56290504336357
subImage_10,channel,1428,0,0.5420967,0.12343778,0.61460525,0.14142682,1703.2950575351715,70.58641423285007
subImage_10,channel,1428,0,0.075233616,0.87237537,0.1602189,0.8971968,1484.0376974791288,471.590990871191
subImage_10,channel,1428,0,0.5470876,0.72335505,0.6169865,0.74086285,1705.049641251564,390.21407067775726
subImage_10,channel,1428,0,0.23061578,0.7235017,0.29347456,0.74242544,1552.7334996759892,390.6695785522461
subImage_10,channel,1428,0,0.07248782,0.72409767,0.13478239,0.7459418,1477.3303105682135,391.76552325487137
subImage_10,channel,1428,0,0.8611332,0.7204431,0.92841065,0.7400119,1853.911440372467,389.21125760674477
subImage_11,channel,1428,533,0.72617495,0.77408594,0.7928713,0.7976077,1789.5330067873,951.856360077858
subImage_11,channel,1428,533,0.7152313,0.31915346,0.7866817,0.3429895,1785.4552966356277,709.4610994309187
subImage_11,channel,1428,533,0.39807513,0.021590631,0.46963686,0.04822831,1634.5154538750648,551.606747513637
subImage_11,channel,1428,533,0.40204144,0.32213026,0.4668638,0.3485363,1634.799448609352,711.732642352581
subImage_11,channel,1428,533,0.23177837,0.022808598,0.3054857,0.045940485,1555.868847221136,551.3216306744143
subImage_11,channel,1428,533,0.08628914,0.9277792,0.15379354,0.95109266,1485.139678120613,1033.7193501889706
subImage_11,channel,1428,533,0.7218795,0.92524624,0.7957935,0.9488379,1789.2061635255814,1032.4434166550636
subImage_11,channel,1428,533,0.72177505,0.62284464,0.78655934,0.6443039,1786.9835867881775,870.6950897276402
subImage_11,channel,1428,533,0.3891464,0.47446698,0.45439163,0.49383885,1628.7620478272438,791.0535026788712
subImage_11,channel,1428,533,0.23662758,0.62505454,0.30213803,0.6467096,1556.226215004921,871.9251484274864
subImage_11,channel,1428,533,0.5584765,0.7742701,0.63408476,0.7973127,1711.829581975937,951.8268146514893
subImage_11,channel,1428,533,0.559006,0.62457764,0.62545675,0.6470826,1709.902128815651,871.8974615037441
subImage_11,channel,1428,533,0.8670034,0.47322166,0.9345396,0.49405068,1856.7672333717346,790.778078943491
subImage_11,channel,1428,533,0.71991795,0.01989264,0.791086,0.042585913,1787.6189451217651,549.6505345087498
subImage_11,channel,1428,533,0.22299154,0.4738775,0.29835784,0.49736604,1552.0811537206173,791.8364008814096
subImage_11,channel,1428,533,0.8711603,0.92385244,0.95333964,0.94631606,1862.230991601944,1031.399907141924
subImage_11,channel,1428,533,0.5461564,0.47435823,0.6162075,0.49477035,1704.6426050662994,791.272766277194
subImage_11,channel,1428,533,0.24870436,0.9262241,0.31432727,0.9506411,1562.0015276372433,1033.1845779716969
subImage_11,channel,1428,533,0.5684387,0.9244575,0.63686275,0.949646,1714.8617483377457,1032.4485791623592
subImage_11,channel,1428,533,0.3872377,0.17130767,0.44822562,0.1933148,1626.8402690291405,630.1718892455101
subImage_11,channel,1428,533,0.41218373,0.9263884,0.47214678,0.94939774,1638.4706616401672,1032.8970024883747
subImage_11,channel,1428,533,0.23765936,0.3221877,0.31076753,0.3444347,1558.5256013274193,710.6548696756363
subImage_11,channel,1428,533,0.7074725,0.47453377,0.77112067,0.49379346,1779.905174612999,791.0592052638531
subImage_11,channel,1428,533,0.55096006,0.021229543,0.628509,0.04485229,1708.7136336565018,550.6108085196465
subImage_11,channel,1428,533,0.86799026,0.32091516,0.948235,0.3401411,1860.2616049051285,709.171490713954
subImage_11,channel,1428,533,0.07661729,0.7763032,0.15701097,0.80261636,1483.6035272032022,953.7820547223091
subImage_11,channel,1428,533,0.4057464,0.776759,0.4731726,0.7993812,1637.1827232837677,953.0413699448109
subImage_11,channel,1428,533,0.08013464,0.02359777,0.1521367,0.046552308,1483.2805779725313,551.694995611906
subImage_11,channel,1428,533,0.8722689,0.6227895,0.94432414,0.6418142,1860.3491461277008,870.0168792307377
subImage_11,channel,1428,533,0.707774,0.17103878,0.77542144,0.18971966,1781.000510931015,629.1421239152551
subImage_11,channel,1428,533,0.07973655,0.32346812,0.15410195,0.3462239,1483.6535644382238,711.4729205816984
subImage_11,channel,1428,533,0.39999843,0.625114,0.46841305,0.6460643,1634.68193256855,871.7690183222294
subImage_11,channel,1428,533,0.07180317,0.47554895,0.14014363,0.49778256,1478.443338483572,792.392847687006
subImage_11,channel,1428,533,0.07839064,0.62679183,0.15383704,0.6460221,1483.2701885700226,872.2049086689949
subImage_11,channel,1428,533,0.86913383,0.019483324,0.9419386,0.041433655,1859.0352333784103,549.2343748677522
subImage_11,channel,1428,533,0.24032822,0.7749785,0.31154746,0.803046,1559.3464120030403,953.5435310006142
subImage_11,channel,1428,533,0.22841766,0.17318909,0.29765594,0.1904079,1553.2055179476738,629.898598022759
subImage_11,channel,1428,533,0.55333805,0.17134838,0.62431085,0.188196,1708.2804386615753,628.8185776695609
subImage_13,channel,1904,0,0.639653,0.41524175,0.7121813,0.44312924,2225.7365769147873,228.75586871802807
subImage_13,channel,1904,0,0.18122087,0.2667673,0.25656906,0.29386044,2008.194003790617,149.40728969871998
subImage_13,channel,1904,0,0.32146674,0.4147443,0.39368293,0.44343296,2074.2056216597557,228.70423570275307
subImage_13,channel,1904,0,0.17133951,0.11778592,0.23921883,0.14229141,2001.7128856182098,69.31060976162553
subImage_13,channel,1904,0,0.48131934,0.4172169,0.56049395,0.44246385,2151.951561629772,229.10491774976254
subImage_13,channel,1904,0,0.1835275,0.7180594,0.2564257,0.73936987,2008.7088634967804,388.4049057364464
subImage_13,channel,1904,0,0.18720056,0.86893487,0.26075685,0.8925286,2010.613863915205,469.4300129711628
subImage_13,channel,1904,0,0.65882844,0.5686736,0.7262721,0.5889469,2233.6539293527603,308.5058604776859
subImage_13,channel,1904,0,0.35172155,0.8690241,0.41569257,0.89382684,2086.6445612311363,469.799775570631
subImage_13,channel,1904,0,0.012668098,0.42019695,0.07817023,0.44812733,1925.6195227298886,231.40842056274414
subImage_13,channel,1904,0,0.17093782,0.56821924,0.23744479,0.5938203,2001.195061057806,309.68353164196014
subImage_13,channel,1904,0,0.6490672,0.11426147,0.7234742,0.1426042,2230.6648597717285,68.45470179244876
subImage_13,channel,1904,0,0.66195226,0.26614964,0.7424836,0.28870544,2238.2557377815247,147.86887840926647
subImage_13,channel,1904,0,0.81947654,0.26611215,0.8896802,0.29134673,2310.7793068885803,148.5627908706665
subImage_13,channel,1904,0,0.8228049,0.7150982,0.89465874,0.7385398,2312.7563539743423,387.39453157782555
subImage_13,channel,1904,0,0.33494118,0.5692115,0.40391707,0.592783,2079.848264157772,309.67152285575867
subImage_13,channel,1904,0,0.80840033,0.11489183,0.880151,0.14211917,2305.8752110004425,68.49343052506447
subImage_13,channel,1904,0,0.82375306,0.8670906,0.8997036,0.8885791,2314.182690024376,467.8859626352787
subImage_13,channel,1904,0,0.15888521,0.41936088,0.23033547,0.44406077,1996.6345229744911,230.1018693894148
subImage_13,channel,1904,0,0.34553468,0.26691356,0.41696835,0.2887799,2085.475720643997,148.0923117250204
subImage_13,channel,1904,0,0.67009056,0.8673239,0.74644655,0.8884151,2241.1358312368393,467.90443646907806
subImage_13,channel,1904,0,0.5020616,0.7165401,0.576539,0.73697335,2160.7069393396378,387.3613326847553
subImage_13,channel,1904,0,0.34219947,0.7189465,0.40567198,0.73665434,2081.9934071302414,387.91762858629227
subImage_13,channel,1904,0,0.5070289,0.26769456,0.5736465,0.28947374,2161.2007365226746,148.48535326123238
subImage_13,channel,1904,0,0.6587461,0.71553576,0.7403281,0.73522085,2236.979658842087,386.62663641572
subImage_13,channel,1904,0,0.029822815,0.87124795,0.1046017,0.89789677,1935.9930354729295,471.4770662486553
subImage_13,channel,1904,0,0.5057681,0.86783624,0.58281386,0.88877547,2163.0825110673904,468.1370193362236
subImage_14,channel,1904,533,0.19693719,0.9198531,0.27512845,0.9459166,2016.3516229093075,1030.227620869875
subImage_14,channel,1904,533,0.36442214,0.92280006,0.42775214,0.945821,2092.5374785661697,1030.9875101745129
subImage_14,channel,1904,533,0.20337763,0.77172583,0.2700494,0.7962626,2016.6756325364113,950.8689233362675
subImage_14,channel,1904,533,0.8399011,0.9177623,0.9030514,0.9429357,2318.8226869106293,1028.8760129213333
subImage_14,channel,1904,533,0.66353285,0.4690271,0.72881055,0.49105278,2235.377729654312,788.861287638545
subImage_14,channel,1904,533,0.83136994,0.6152303,0.9000284,0.6387076,2316.0728058815002,867.1744503676891
subImage_14,channel,1904,533,0.8210849,0.16639927,0.88980055,0.18755716,2311.1907407045364,627.3293889015913
subImage_14,channel,1904,533,0.026889984,0.9237611,0.119427696,0.94765157,1938.8236077055335,1031.7314830720425
subImage_14,channel,1904,533,0.1899922,0.01776412,0.25659025,0.04050072,2010.2866234481335,548.527579468675
subImage_14,channel,1904,533,0.03432509,0.6203342,0.11208055,0.6430432,1938.844542555511,869.6900845766068
subImage_14,channel,1904,533,0.658629,0.16566083,0.7291347,0.18650804,2234.2877556085587,626.8530046418309
subImage_14,channel,1904,533,0.18048252,0.16772206,0.24727626,0.18961672,2005.8065903782845,628.2307865023613
subImage_14,channel,1904,533,0.6845297,0.61996347,0.74766135,0.63882774,2244.861475586891,868.467857003212
subImage_14,channel,1904,533,0.52147734,0.9233096,0.5835286,0.9413503,2166.99140894413,1029.931864798069
subImage_14,channel,1904,533,0.512547,0.31695923,0.58060306,0.33543888,2164.16971886158,706.8640961647034
subImage_14,channel,1904,533,0.8317915,0.76819295,0.9017915,0.79347163,2316.592761874199,949.1836109161377
subImage_14,channel,1904,533,0.66727024,0.31586376,0.74097764,0.33735064,2239.162997364998,707.0816362798214
subImage_14,channel,1904,533,0.025107922,0.77207345,0.11645526,0.79617745,1937.6920365951955,950.9388633966446
subImage_14,channel,1904,533,0.5183199,0.62237585,0.57572544,0.6392832,2164.382791161537,869.2321304678917
subImage_14,channel,1904,533,0.8296286,0.31690913,0.8888456,0.33724692,2312.9968618154526,707.3325897306204
subImage_14,channel,1904,533,0.5087016,0.77215147,0.58404344,0.7928669,2164.0733256340027,950.0773918330669
subImage_14,channel,1904,533,0.18235439,0.46873045,0.24604401,0.49178064,2005.9588193297386,788.9762050509453
subImage_14,channel,1904,533,0.019580174,0.46903357,0.09837407,0.4963959,1932.0731098279357,790.2869497686625
subImage_14,channel,1904,533,0.024068603,0.32017452,0.103041805,0.34484053,1934.252277251333,710.2265086472034
subImage_14,channel,1904,533,0.33958519,0.1651782,0.4159636,0.18714412,2083.820608496666,626.8938956707716
subImage_14,channel,1904,533,0.824535,0.014200869,0.8986306,0.039437246,2314.1134202480316,547.2945575392805
subImage_14,channel,1904,533,0.032480236,0.020314042,0.100763425,0.042019874,1935.7119914069772,549.6119884494692
subImage_14,channel,1904,533,0.5094373,0.017701318,0.579964,0.037739933,2163.277510523796,547.7750933980569
subImage_14,channel,1904,533,0.3493483,0.31668368,0.42222872,0.3346062,2087.635333240032,706.5687530934811
subImage_14,channel,1904,533,0.19465955,0.6217158,0.26258874,0.64384377,2012.8250919282436,870.2716211676598
subImage_14,channel,1904,533,0.1941652,0.31845716,0.262856,0.3391093,2012.7710471749306,708.2414610534906
subImage_14,channel,1904,533,0.4992978,0.47038957,0.5732851,0.4887472,2159.274730324745,788.6099529564381
subImage_16,channel,2380,0,0.29456773,0.26181862,0.3628448,0.29001358,2536.4641819000244,147.06328105926514
subImage_16,channel,2380,0,0.29031727,0.1135363,0.36276105,0.13804284,2535.4326395988464,67.04583965241909
subImage_16,channel,2380,0,0.13280031,0.26412755,0.20815119,0.28883985,2461.14645755291,147.3658119291067
subImage_16,channel,2380,0,0.12632784,0.11335684,0.20751318,0.13775519,2459.454164147377,66.92135571688414
subImage_16,channel,2380,0,0.60319734,0.11306744,0.6811443,0.13397521,2685.6733087301254,65.83686582371593
subImage_16,channel,2380,0,0.61294514,0.71170735,0.68634355,0.73382413,2689.2307082414627,385.2341414093971
subImage_16,channel,2380,0,0.28501347,0.5660642,0.35100746,0.5887813,2531.3729810118675,307.76631939411163
subImage_16,channel,2380,0,0.1389336,0.8641361,0.21785022,0.8867492,2464.914549678564,466.6109345257282
subImage_16,channel,2380,0,0.0039565056,0.86471766,0.05738921,0.8900854,2394.600280520506,467.6550158858299
subImage_16,channel,2380,0,0.75270116,0.40987235,0.8282445,0.4381499,2756.26506960392,225.99793024361134
subImage_16,channel,2380,0,0.7700869,0.11126601,0.8405217,0.1337662,2763.3248414993286,65.30108493193984
subImage_16,channel,2380,0,0.7742719,0.2602822,0.8509875,0.2831742,2766.811737060547,144.83112409710884
subImage_16,channel,2380,0,0.0024127038,0.7142323,0.046660185,0.7352928,2391.679347505793,386.2984439134598
subImage_16,channel,2380,0,0.4331588,0.41338897,0.5091622,0.43730253,2604.272391498089,226.7092840373516
subImage_16,channel,2380,0,0.3072259,0.86543036,0.3775166,0.88462114,2542.968717455864,466.3887243270874
subImage_16,channel,2380,0,0.44510835,0.11313215,0.5215998,0.13494067,2610.0765476226807,66.11140597611666
subImage_16,channel,2380,0,0.46527615,0.86448544,0.5313985,0.8860757,2617.2085612416267,466.5245379805565
subImage_16,channel,2380,0,0.4436371,0.5631087,0.52055,0.5889696,2609.476533472538,307.0288591980934
subImage_16,channel,2380,0,0.935241,0.2611576,0.9961242,0.28541708,2839.6649156808853,145.66215275228024
subImage_16,channel,2380,0,0.77694094,0.7120537,0.8448523,0.72831064,2765.986798286438,383.8571021556854
subImage_16,channel,2380,0,0.11943448,0.4150169,0.18685415,0.43554932,2452.8966956585646,226.6758945286274
subImage_16,channel,2380,0,0.7709371,0.56081724,0.84323776,0.5834186,2764.1736125946045,304.9388538599014
subImage_16,channel,2380,0,0.93826807,0.86160564,0.9962594,0.88610995,2840.4175347089767,465.7662053704262
subImage_16,channel,2380,0,0.6078712,0.56355464,0.6926106,0.5865252,2689.5146675109863,306.4962790608406
subImage_16,channel,2380,0,0.005264047,0.26240036,0.041562658,0.2925508,2391.1447557592764,147.8944844454527
subImage_16,channel,2380,0,0.77625006,0.8643325,0.85756856,0.8879618,2768.8488330841064,466.98643147945404
subImage_16,channel,2380,0,0.62351847,0.8645152,0.6907997,0.88307905,2692.8077268600464,465.7338642477989
subImage_16,channel,2380,0,0.9210179,0.56280977,0.98809004,0.5857036,2834.3676857948303,306.07881489396095
subImage_16,channel,2380,0,0.29480833,0.7139018,0.36662886,0.7320422,2537.422049701214,385.34407898783684
subImage_17,channel,2380,533,0.31584674,0.9149401,0.38469282,0.9427598,2546.7284150719643,1028.0770315229893
subImage_17,channel,2380,533,0.7937854,0.9126731,0.8656237,0.93660045,2774.9393671751022,1025.831404387951
subImage_17,channel,2380,533,0.7927821,0.7635566,0.855023,0.78888077,2772.1776267290115,946.72455778718
subImage_17,channel,2380,533,0.4758654,0.7671473,0.53394,0.7908172,2620.3336878418922,948.1975402534008
subImage_17,channel,2380,533,0.15294915,0.9146824,0.2251674,0.9455322,2469.9917384386063,1028.7471885085106
subImage_17,channel,2380,533,0.6360416,0.3130024,0.69496024,0.33335716,2696.77843272686,705.2548235058784
subImage_17,channel,2380,533,0.7739136,0.16179475,0.8469562,0.17962632,2765.7670160531998,623.9887145459652
subImage_17,channel,2380,533,0.7937623,0.6130531,0.84717286,0.63566446,2770.542573451996,865.7832261323929
subImage_17,channel,2380,533,0.63485646,0.7663633,0.69865966,0.78888345,2697.3768367767334,947.4732643067837
subImage_17,channel,2380,533,0.30743155,0.7670151,0.3788814,0.78925943,2543.34248059988,947.7471631169319
subImage_17,channel,2380,533,0.47657156,0.91716737,0.5432107,0.9378445,2622.7081743478775,1027.3606661260128
subImage_17,channel,2380,533,0.2946828,0.46571526,0.3651542,0.4868939,2537.0412077903748,786.8703389018774
subImage_17,channel,2380,533,0.47040975,0.6154402,0.5335836,0.6355405,2618.950413107872,866.3863499462605
subImage_17,channel,2380,533,0.29916558,0.16696046,0.3634643,0.18366793,2537.7059096693993,626.4424661770463
subImage_17,channel,2380,533,0.63719106,0.91652226,0.71359897,0.9372123,2701.488025665283,1027.0202583372593
subImage_17,channel,2380,533,0.31089142,0.6157499,0.3765354,0.6356244,2543.6075797080994,866.4912520945072
subImage_17,channel,2380,533,0.4550432,0.46569648,0.52107114,0.48463574,2612.3152111768723,786.2635377943516
subImage_17,channel,2380,533,0.13309388,0.46608818,0.20075783,0.4896369,2459.45670697093,787.7007321715355
subImage_17,channel,2380,533,0.7763371,0.46210727,0.84940785,0.4839099,2766.927295446396,785.1135773807764
subImage_17,channel,2380,533,0.14999105,0.61700654,0.21577118,0.63741374,2467.051411628723,867.3030047416687
subImage_17,channel,2380,533,0.0057474454,0.9178613,0.06222276,0.9421023,2396.1769089242443,1028.6802982985973
subImage_17,channel,2380,533,0.46529022,0.014589138,0.53460646,0.032855947,2617.975408732891,545.6441151257604
subImage_17,channel,2380,533,0.0018880336,0.010913696,0.052005738,0.035325985,2392.826717641903,545.3228751309216
subImage_17,channel,2380,533,0.782224,0.012849686,0.8534429,0.033910576,2769.2887238264084,545.4616098203696
subImage_17,channel,2380,533,0.14610863,0.76893204,0.21689388,0.78998303,2466.3945971131325,948.4508684575558
subImage_17,channel,2380,533,0.7859974,0.3110564,0.85338545,0.33176416,2770.1731157302856,704.3116810768843
subImage_17,channel,2380,533,0.0064448803,0.3144903,0.05636788,0.33247948,2394.949437324889,705.4174424856901
subImage_17,channel,2380,533,0.004282452,0.4690623,0.047547657,0.48821884,2392.3355659916997,788.1154244691133
subImage_17,channel,2380,533,0.14785044,0.3141982,0.21202527,0.33553785,2465.6504186987877,706.1546564698219
subImage_17,channel,2380,533,0.45497784,0.16470689,0.5232512,0.18121015,2612.818505823612,625.1868888065219
subImage_17,channel,2380,533,0.95478815,0.9148574,0.9973164,0.9364078,2844.600887298584,1026.3621736764908
subImage_17,channel,2380,533,0.63151026,0.6146594,0.70493674,0.6330497,2698.0743861198425,865.5144898295403
subImage_17,channel,2380,533,0.61329556,0.16171108,0.6858465,0.18005529,2689.1958109140396,624.0807382240891
subImage_17,channel,2380,533,0.9495209,0.61531407,0.9963282,0.63414425,2843.11207652092,865.980640411377
subImage_17,channel,2380,533,0.30171654,0.014328054,0.37874988,0.033742636,2541.951006412506,545.8108390434645
subImage_19,channel,2856,0,0.5603983,0.5580999,0.63441145,0.5848801,3140.364716887474,304.6041804254055
subImage_19,channel,2856,0,0.89106435,0.8562765,0.9719329,0.8835076,3299.3933416604996,463.6524683833122
subImage_19,channel,2856,0,0.40094903,0.5595115,0.4727206,0.5854767,3063.93337059021,305.13934975862503
subImage_19,channel,2856,0,0.55863494,0.108570874,0.62927943,0.13198869,3138.723620414734,64.10912355035543
subImage_19,channel,2856,0,0.41482574,0.8598468,0.4884377,0.8814052,3070.9767010211945,464.04364347457886
subImage_19,channel,2856,0,0.25668082,0.8598447,0.32951438,0.88500446,2995.5144577622414,465.0022972524166
subImage_19,channel,2856,0,0.71658766,0.555498,0.7933005,0.584318,3215.3533849716187,303.76096031069756
subImage_19,channel,2856,0,0.57941014,0.8597634,0.6505416,0.87925965,3148.72851395607,463.4496374428272
subImage_19,channel,2856,0,0.86517227,0.55618155,0.94172394,0.5792073,3286.0412979125977,302.5811288356781
subImage_19,channel,2856,0,0.23783855,0.5597444,0.30928117,0.5805718,2986.214493781328,303.8942641913891
subImage_19,channel,2856,0,0.85499644,0.40408474,0.9324417,0.43037382,3281.4102807044983,222.38320617377758
subImage_19,channel,2856,0,0.25646988,0.7100366,0.3131748,0.7286641,2991.575436115265,383.41373014450073
subImage_19,channel,2856,0,0.7326581,0.2579965,0.7996188,0.27987984,3220.6818947792053,143.34404401481152
subImage_19,channel,2856,0,0.25299805,0.26036108,0.31713262,0.27996215,2991.691100895405,143.99614016711712
subImage_19,channel,2856,0,0.7175659,0.10593465,0.79268235,0.12881903,3215.4390820264816,62.56185657531023
subImage_19,channel,2856,0,0.24271777,0.108974494,0.3094055,0.13310687,2987.405340254307,64.51468416675925
subImage_19,channel,2856,0,0.08413826,0.56172144,0.15876162,0.5838631,2913.8101713955402,305.2982755601406
subImage_19,channel,2856,0,0.57159966,0.25671798,0.6382763,0.27852634,3143.950474023819,142.64261017739773
subImage_19,channel,2856,0,0.7342556,0.70754164,0.79827636,0.7298871,3220.7426104545593,383.07476785779
subImage_19,channel,2856,0,0.74061006,0.8598492,0.8074824,0.88012594,3224.4460113048553,463.70337864756584
subImage_19,channel,2856,0,0.09325142,0.8634549,0.17398165,0.88520604,2919.601471543312,466.0181357264519
subImage_19,channel,2856,0,0.3914791,0.41032505,0.46427715,0.43114847,3059.6699882149696,224.25269302725792
subImage_19,channel,2856,0,0.40216863,0.25749317,0.49189338,0.2839163,3068.7867589592934,144.28562180697918
subImage_19,channel,2856,0,0.5458145,0.4085628,0.6224297,0.4314055,3134.04212975502,223.85155826807022
subImage_19,channel,2856,0,0.87404186,0.70637983,0.95042145,0.7275545,3290.222267270088,382.1434991955757
subImage_19,channel,2856,0,0.57430845,0.7075525,0.6373116,0.725601,3144.365567803383,381.9354104399681
subImage_19,channel,2856,0,0.06392479,0.40940875,0.14037222,0.43442827,2904.622687458992,224.88256657123566
subImage_19,channel,2856,0,0.70779645,0.40873435,0.772864,0.42947343,3208.3971843719482,223.3823737204075
subImage_19,channel,2856,0,0.09512188,0.26243484,0.1599077,0.28006428,2916.6970403939486,144.57601681351662
subImage_20,channel,2856,533,0.42746222,0.91226435,0.49527878,0.9358782,3075.612357020378,1025.5299933850765
subImage_20,channel,2856,533,0.42255583,0.76276654,0.49075195,0.78445435,3073.3672530651093,945.3343660533428
subImage_20,channel,2856,533,0.87443197,0.45643353,0.9492953,0.4793891,3290.0470855236053,782.3967324644327
subImage_20,channel,2856,533,0.5921354,0.91072196,0.6587007,0.9350987,3153.6989998817444,1024.911207318306
subImage_20,channel,2856,533,0.57248133,0.4579661,0.6353676,0.48005703,3143.468039751053,782.9831615239382
subImage_20,channel,2856,533,0.9018907,0.75952196,0.9664783,0.7843812,3300.6718180179596,944.4501953423023
subImage_20,channel,2856,533,0.5844173,0.75941664,0.6596155,0.78332436,3152.079806447029,944.1404766738415
subImage_20,channel,2856,533,0.26821133,0.7623733,0.33617017,0.786587,2999.842797398567,945.7979274392128
subImage_20,channel,2856,533,0.26051715,0.30639172,0.32577738,0.33185706,2995.5380985736847,703.093297585845
subImage_20,channel,2856,533,0.5839029,0.6064755,0.6544051,0.62739265,3150.71730697155,861.8258545398712
subImage_20,channel,2856,533,0.5692436,0.15678234,0.6310972,0.17515661,3141.6811121702194,621.4617307633162
subImage_20,channel,2856,533,0.74554086,0.7603177,0.81917953,0.7822546,3228.403453350067,944.0955072641373
subImage_20,channel,2856,533,0.42721868,0.6104008,0.49379563,0.6291894,3075.2014055252075,863.3507797718048
subImage_20,channel,2856,533,0.115912005,0.9144803,0.17888197,0.93540007,2926.1609668433666,1025.993125885725
subImage_20,channel,2856,533,0.27058485,0.91333467,0.33434328,0.93388385,2999.972896337509,1025.283733844757
subImage_20,channel,2856,533,0.89912385,0.9088828,0.98062634,0.93205136,3303.380545735359,1023.6089529395103
subImage_20,channel,2856,533,0.252348,0.15693824,0.3071059,0.1778391,2989.1500293016434,622.218161188066
subImage_20,channel,2856,533,0.10732641,0.7640336,0.176378,0.78689057,2923.5216489881277,946.3212944865227
subImage_20,channel,2856,533,0.08361057,0.15981327,0.15666074,0.17985995,2913.1845711916685,623.5229134261608
subImage_20,channel,2856,533,0.26296455,0.61141217,0.32669085,0.6307849,2996.3379850387573,864.045526176691
subImage_20,channel,2856,533,0.4007679,0.15798762,0.47171557,0.17745605,3063.651063978672,622.3957395255566
subImage_20,channel,2856,533,0.10056426,0.6131027,0.16654721,0.6323575,2919.5725287497044,864.915130674839
subImage_20,channel,2856,533,0.4119866,0.46075073,0.47401634,0.47866672,3066.8686968684196,783.3547508567572
subImage_20,channel,2856,533,0.24342944,0.45857373,0.31109217,0.48197195,2987.976142078638,783.6554232239723
subImage_20,channel,2856,533,0.25993133,0.008900641,0.33236727,0.030643227,2996.9670661091805,543.5384408333339
subImage_20,channel,2856,533,0.8899218,0.0056653027,0.9676031,0.032719914,3298.090919494629,543.2296602271963
subImage_20,channel,2856,533,0.8789595,0.15631376,0.9480157,0.17558713,3290.820089697838,621.45158842206
subImage_20,channel,2856,533,0.74308807,0.6093204,0.8090334,0.62854713,3225.4049075841904,862.8916978538036
subImage_20,channel,2856,533,0.5775344,0.008720438,0.6502684,0.028607167,3148.2170553207397,542.9478068123572
subImage_20,channel,2856,533,0.08500159,0.007547967,0.17369434,0.031682786,2917.569631397724,543.454995604232
subImage_20,channel,2856,533,0.73949903,0.30781028,0.81063426,0.32496276,3224.931722521782,701.6340156197548
subImage_20,channel,2856,533,0.74771845,0.91122967,0.8283607,0.93095094,3231.1068329811096,1023.9411324858665
subImage_20,channel,2856,533,0.4124363,0.00833606,0.49492148,0.02925196,3071.9511521458626,543.0172070432454
subImage_22,channel,3332,0,0.5094233,0.102066405,0.5822005,0.12789643,3591.8064745664597,61.28509505465627
subImage_22,channel,3332,0,0.18023022,0.4042067,0.25128275,0.4307847,3434.7000860869884,222.52520689368248
subImage_22,channel,3332,0,0.33739612,0.40345326,0.4154441,0.42714116,3511.1759725809097,221.35341304540634
subImage_22,channel,3332,0,0.3685964,0.8539758,0.45059618,0.8765756,3526.967836022377,461.19193798303604
subImage_22,channel,3332,0,0.81460947,0.099607125,0.89589113,0.12539762,3739.0991423130035,59.96376521140337
subImage_22,channel,3332,0,0.6895998,0.70207036,0.752937,0.72167104,3675.3237657546997,379.4270831644535
subImage_22,channel,3332,0,0.65953034,0.55177593,0.74074167,0.57569957,3665.2647387981415,300.47222077846527
subImage_22,channel,3332,0,0.19000421,0.102500424,0.2619925,0.12982711,3439.5752214491367,61.91528827697039
subImage_22,channel,3332,0,0.20147172,0.2538181,0.27643424,0.2756633,3445.7416182160378,141.10678808391094
subImage_22,channel,3332,0,0.34706506,0.5529534,0.42232466,0.5771631,3515.1147530674934,301.1760531961918
subImage_22,channel,3332,0,0.19013685,0.55480886,0.25743702,0.5796439,3438.5225811600685,302.33166059851646
subImage_22,channel,3332,0,0.35222942,0.10287861,0.41947114,0.1258055,3515.664733529091,60.94431397691369
subImage_22,channel,3332,0,0.36786032,0.25526446,0.43036816,0.27870727,3521.9783764481544,142.3034652173519
subImage_22,channel,3332,0,0.21331343,0.70567554,0.26902682,0.7218714,3446.7969786524773,380.44125375151634
subImage_22,channel,3332,0,0.6802786,0.25046456,0.7517575,0.2775502,3672.824592232704,140.71593068540096
subImage_22,channel,3332,0,0.50592685,0.55097824,0.5908244,0.5768268,3593.0268028974533,300.56004694104195
subImage_22,channel,3332,0,0.8186524,0.5497601,0.89762145,0.5757978,3740.473174929619,299.9611802101135
subImage_22,channel,3332,0,0.81213385,0.3997931,0.8850434,0.4287641,3735.928181052208,220.81049200892448
subImage_22,channel,3332,0,0.20959504,0.85720503,0.27805638,0.8799779,3448.061038583517,462.9592469036579
subImage_22,channel,3332,0,0.8355911,0.25286427,0.9055207,0.27437678,3746.3845977783203,140.50974014401436
subImage_22,channel,3332,0,0.8355175,0.84940875,0.91007745,0.87903184,3747.4516048431396,460.6294153034687
subImage_22,channel,3332,0,0.0424051,0.25473714,0.12461978,0.27596116,3371.751921594143,141.43109679222107
subImage_22,channel,3332,0,0.6903696,0.85057986,0.767548,0.8739687,3678.9843961000443,459.5921961069107
subImage_22,channel,3332,0,0.03312021,0.55416614,0.10340617,0.579935,3364.493278376758,302.2379571199417
subImage_22,channel,3332,0,0.047192354,0.85662,0.122502014,0.879611,3372.3872595354915,462.7055692374706
subImage_23,channel,3332,533,0.5391068,0.6026899,0.60200715,0.6261941,3603.58511698246,860.4975970089436
subImage_23,channel,3332,533,0.53501284,0.755307,0.604617,0.77845585,3603.2319021224976,941.7478054463863
subImage_23,channel,3332,533,0.22301497,0.75636494,0.2817299,0.7820941,3452.129279643297,942.9993401765823
subImage_23,channel,3332,533,0.2123839,0.6052832,0.27979067,0.6281353,3449.137546658516,861.7060367166996
subImage_23,channel,3332,533,0.70360875,0.7564804,0.7693354,0.7770352,3682.560705423355,941.6819000840187
subImage_23,channel,3332,533,0.3705707,0.30063424,0.4374938,0.32390603,3524.3193487524986,699.4399817883968
subImage_23,channel,3332,533,0.36859125,0.60751235,0.4341742,0.62626994,3523.0581791996956,861.8029806613922
subImage_23,channel,3332,533,0.8545669,0.75426275,0.91911703,0.7777162,3754.1367695331573,941.2723941206932
subImage_23,channel,3332,533,0.3819087,0.90683955,0.4472223,0.92848444,3529.3331797122955,1022.1138431727886
subImage_23,channel,3332,533,0.364497,0.45496646,0.42722073,0.47730833,3520.4288216233253,781.4512311667204
subImage_23,channel,3332,533,0.058698624,0.6057738,0.12449555,0.62924576,3375.6002137362957,862.1327139735222
subImage_23,channel,3332,533,0.84883845,0.6031914,0.9131583,0.62448865,3751.3552255630493,860.1767273247242
subImage_23,channel,3332,533,0.21369725,0.30378887,0.27871847,0.3247751,3449.194942831993,700.512298092246
subImage_23,channel,3332,533,0.22214031,0.9066308,0.2927962,0.9325277,3454.5548886060715,1023.135749578476
subImage_23,channel,3332,533,0.20074609,0.45409822,0.26705778,0.47747177,3443.3373200297356,781.2634032666683
subImage_23,channel,3332,533,0.35913914,0.15448079,0.42200854,0.17316979,3517.913149893284,620.3188787251711
subImage_23,channel,3332,533,0.06737914,0.9081805,0.13151093,0.92848533,3379.335836097598,1022.471438139677
subImage_23,channel,3332,533,0.2006478,0.15487543,0.26111493,0.17100115,3441.899528861046,619.8461082205176
subImage_23,channel,3332,533,0.36868432,0.75527805,0.44136003,0.78055835,3524.790554881096,942.3004002273083
subImage_23,channel,3332,533,0.049454708,0.7573226,0.1367267,0.7798861,3376.311176739633,942.666128128767
subImage_23,channel,3332,533,0.68903184,0.6031795,0.7629546,0.6252233,3677.572770833969,860.3693444430828
subImage_23,channel,3332,533,0.84597915,0.30164358,0.9128091,0.32178366,3750.5915982723236,699.143360003829
subImage_23,channel,3332,533,0.6955278,0.30161518,0.7609455,0.32359073,3678.6406432390213,699.6173734813929
subImage_23,channel,3332,533,0.046354167,0.15528859,0.11240424,0.17576332,3369.7845014184713,621.2253355830908
subImage_23,channel,3332,533,0.68301725,0.45287484,0.7541962,0.4723928,3674.0568083524704,779.5838252007961
subImage_23,channel,3332,533,0.056130346,0.0059630256,0.12389701,0.027518678,3374.846510373056,541.9228741349652
subImage_23,channel,3332,533,0.3673994,0.0058023827,0.43998852,0.026265282,3524.1583245396614,541.5460326955654
subImage_23,channel,3332,533,0.52244765,0.0046789153,0.6016213,0.026525991,3599.528416156769,541.3161075268872
subImage_25,channel,3808,0,0.47143102,0.24626413,0.55416906,0.27570784,4052.0928180217743,139.10553021728992
subImage_25,channel,3808,0,0.7990587,0.8460534,0.8720949,0.8744712,4205.7345579862595,458.51980832219124
subImage_25,channel,3808,0,0.60814416,0.39674866,0.6881808,0.42452446,4116.525342464447,218.86928601562977
subImage_25,channel,3808,0,0.79246837,0.24286701,0.8705844,0.2727368,4203.806565761566,137.40841154009104
subImage_25,channel,3808,0,0.44371116,0.39732966,0.5252844,0.4266217,4038.620945930481,219.58303838968277
subImage_25,channel,3808,0,0.634313,0.2483324,0.706935,0.27094406,4127.217018246651,138.38717526942492
subImage_25,channel,3808,0,0.15534334,0.6981469,0.22577357,0.7213513,3898.7058250010014,378.2962716817856
subImage_25,channel,3808,0,0.1301621,0.39848375,0.20239304,0.42536587,3887.1481245160103,219.55592331290245
subImage_25,channel,3808,0,0.16103208,0.8490191,0.23183174,0.8727609,3901.5015903413296,458.85437056422234
subImage_25,channel,3808,0,0.48076248,0.84945655,0.55770075,0.87252665,4055.15424990654,458.9085212945938
subImage_25,channel,3808,0,0.003791628,0.24755651,0.07163589,0.273991,3825.9517485620454,138.99240776896477
subImage_25,channel,3808,0,0.6424695,0.8477043,0.7180833,0.872341,4131.811577677727,458.39206406474113
subImage_25,channel,3808,0,0.4586301,0.5483159,0.5300063,0.5717142,4043.295464217663,298.4880230128765
subImage_25,channel,3808,0,0.1490007,0.25056365,0.22524253,0.27158704,3897.069888651371,139.1531603038311
subImage_25,channel,3808,0,0.29073745,0.3994603,0.3644619,0.4234942,3963.9374450445175,219.31736782193184
subImage_25,channel,3808,0,0.005315191,0.54643565,0.058130577,0.57205796,3823.1000928599387,298.0785488188267
subImage_25,channel,3808,0,0.010006313,0.6998641,0.06431793,0.7203503,3825.6891691144556,378.4871414899826
subImage_25,channel,3808,0,0.30287957,0.09974002,0.37366292,0.120241344,3969.0171127915382,58.625033747404814
subImage_25,channel,3808,0,0.4607004,0.09836082,0.5313674,0.11959036,4044.1121397018433,58.08398908376694
subImage_25,channel,3808,0,0.4756071,0.6989734,0.53896344,0.71944696,4049.4677871465683,378.0090297758579
subImage_25,channel,3808,0,0.14119075,0.551746,0.21161713,0.57253236,3891.968275308609,299.6201846897602
subImage_25,channel,3808,0,0.7874066,0.54588807,0.8525626,0.56765634,4198.312676668167,296.7595838010311
subImage_25,channel,3808,0,0.7953621,0.6960507,0.8535542,0.715248,4200.442080378532,376.11110147833824
subImage_25,channel,3808,0,0.30432683,0.24866736,0.38648173,0.27293643,3972.4124383330345,139.0074108093977
subImage_25,channel,3808,0,0.2921846,0.54997534,0.37243754,0.5716913,3966.1800664663315,298.9241516292095
subImage_25,channel,3808,0,0.31637368,0.6992333,0.3847838,0.71798164,3974.8754803538322,377.6877788603306
subImage_25,channel,3808,0,0.0058372435,0.40086976,0.039138764,0.4264684,3818.704289822839,220.4856193959713
subImage_25,channel,3808,0,0.31699252,0.8519621,0.38332585,0.87533516,3974.675771176815,460.324716180563
subImage_25,channel,3808,0,0.14683887,0.10054158,0.20882615,0.12041958,3892.6482766866684,58.886147409677505
subImage_25,channel,3808,0,0.0062589487,0.8505997,0.070953146,0.8784503,3826.376478450373,460.79181984066963
subImage_25,channel,3808,0,0.0065700947,0.09933552,0.051346816,0.12331677,3821.7842247830704,59.33683628216386
subImage_25,channel,3808,0,0.9360667,0.09418338,0.99848515,0.12088741,4268.4233367443085,57.31636594608426
subImage_26,channel,3808,533,0.3313933,0.29793188,0.39195824,0.32097054,3980.1576660871506,697.9374936074018
subImage_26,channel,3808,533,0.31540015,0.44926396,0.38386583,0.4747905,3974.4253048300743,779.2605172246695
subImage_26,channel,3808,533,0.33544043,0.90047467,0.40139645,0.9224282,3983.3671775460243,1018.8036117255688
subImage_26,channel,3808,533,0.4866533,0.750599,0.5553182,0.7740048,4055.989211022854,939.3069243431091
subImage_26,channel,3808,533,0.49121422,0.29748285,0.55154717,0.31966025,4056.1772097349167,697.4686346948147
subImage_26,channel,3808,533,0.17807855,0.9009326,0.23892844,0.9232195,3907.2476622760296,1019.1365378499031
subImage_26,channel,3808,533,0.16296327,0.5994787,0.22610095,0.62161636,3900.5972849726677,858.4218401908875
subImage_26,channel,3808,533,0.32821205,0.6023158,0.3883391,0.6225045,3978.5391748547554,859.4145982861519
subImage_26,channel,3808,533,0.808191,0.7491404,0.87742394,0.77415395,4209.176356554031,938.957938849926
subImage_26,channel,3808,533,0.80209726,0.29430532,0.8719947,0.31858486,4206.433880567551,696.33523401618
subImage_26,channel,3808,533,0.1691038,0.2994426,0.22475675,0.31877857,3901.7388105988503,697.7559401392937
subImage_26,channel,3808,533,0.7937001,0.44754076,0.85686594,0.46959877,4200.834717869759,777.4176847934723
subImage_26,channel,3808,533,0.63307595,0.74882346,0.71634823,0.77476704,4129.1629556417465,939.0368696153164
subImage_26,channel,3808,533,0.4853129,0.6003873,0.5526648,0.6194752,4055.0386986136436,858.0933458805084
subImage_26,channel,3808,533,0.7996615,0.59774745,0.8670578,0.61862516,4204.67919754982,857.1633003354073
subImage_26,channel,3808,533,0.17125969,0.7514793,0.23994672,0.7752794,3905.8671254217625,939.8812016546726
subImage_26,channel,3808,533,0.01451416,0.7518274,0.083021246,0.7755589,3831.2134266849607,940.0484510064125
subImage_26,channel,3808,533,0.6324812,0.44850042,0.703638,0.47092173,4125.996377825737,778.0260028839111
subImage_26,channel,3808,533,0.651596,0.8987825,0.7204548,0.9220903,4134.548095583916,1018.2625968456268
subImage_26,channel,3808,533,0.1514886,0.4499238,0.220702,0.475057,3896.5813650786877,779.5073883235455
subImage_26,channel,3808,533,0.31321245,0.1485517,0.3778238,0.16732526,3972.4666284918785,617.1812100410461
subImage_26,channel,3808,533,0.8035363,0.8996769,0.8762591,0.92086655,4207.791301488876,1018.1748342216015
subImage_26,channel,3808,533,0.013075759,0.60082,0.08806644,0.6225878,3832.071842422709,859.0381800234318
subImage_26,channel,3808,533,0.7934588,0.14464994,0.8541294,0.16681834,4200.12599003315,616.0062948614359
subImage_26,channel,3808,533,0.33380288,0.7526945,0.3949571,0.7722152,3981.444873869419,939.3884284198284
subImage_26,channel,3808,533,0.63542414,0.14644477,0.69589037,0.1663994,4124.852851986885,616.3729718700051
subImage_26,channel,3808,533,0.497266,0.89971346,0.55642474,0.92348766,4058.7783941030502,1018.8830984532833
subImage_26,channel,3808,533,0.4767248,0.14887823,0.5375714,0.16800392,4049.402489423752,617.4490925446153
subImage_26,channel,3808,533,0.007083931,0.451355,0.06499054,0.47551146,3825.1537247728556,780.0099147260189
subImage_26,channel,3808,533,0.15123925,0.14952002,0.22172359,0.16938204,3896.7651541233063,617.9873990938067
subImage_26,channel,3808,533,0.4743735,0.45063978,0.54395694,0.47090608,4050.3626411557198,778.5919725298882
subImage_26,channel,3808,533,0.6388618,0.00015038376,0.7264303,0.021509387,4132.939513206482,538.7723287995395
subImage_28,channel,4284,0,0.5783465,0.241215,0.6573614,0.2691387,4578.098475217819,136.0092608705163
subImage_28,channel,4284,0,0.42342827,0.24264397,0.49117422,0.26746994,4501.675392210484,135.94535697251558
subImage_28,channel,4284,0,0.73748505,0.5419386,0.80349857,0.567812,4650.75410091877,295.7485424876213
subImage_28,channel,4284,0,0.5612015,0.3902756,0.6407933,0.41842982,4570.0747710466385,215.51999424397945
subImage_28,channel,4284,0,0.26347294,0.24309635,0.33148825,0.27046022,4425.60076469183,136.86282585561275
subImage_28,channel,4284,0,0.7369304,0.24092765,0.82230186,0.26700935,4655.0972719192505,135.36521028727293
subImage_28,channel,4284,0,0.1003362,0.69335806,0.17636712,0.7154974,4349.855390265584,375.45997428894043
subImage_28,channel,4284,0,0.26542127,0.6913162,0.3355269,0.7148029,4427.025667965412,374.7307423353195
subImage_28,channel,4284,0,0.87548506,0.09149899,0.96283346,0.116311744,4721.5198093652725,55.3815614618361
subImage_28,channel,4284,0,0.58090794,0.6919024,0.6521628,0.71379215,4577.4708340168,374.6175960600376
subImage_28,channel,4284,0,0.4004801,0.3923695,0.47600338,0.41870898,4492.603065907955,216.15241727232933
subImage_28,channel,4284,0,0.26900217,0.845466,0.34275278,0.8658787,4429.597679018974,456.0733675956726
subImage_28,channel,4284,0,0.100195326,0.2470013,0.18415369,0.27035132,4351.675066009164,137.87447475641966
subImage_28,channel,4284,0,0.11017016,0.8442599,0.18919405,0.8696187,4355.248683556914,456.74865531921387
subImage_28,channel,4284,0,0.08062639,0.3951385,0.16439362,0.42101532,4342.314762279391,217.50499418377876
subImage_28,channel,4284,0,0.74408245,0.6916075,0.8162069,0.7105863,4655.348858952522,373.6846436262131
subImage_28,channel,4284,0,0.74001753,0.09167604,0.8095527,0.11126901,4652.797722458839,54.084856778383255
subImage_28,channel,4284,0,0.43096766,0.8435108,0.5061873,0.8653317,4507.042884886265,455.4065304994583
subImage_28,channel,4284,0,0.89580923,0.691733,0.9658583,0.71188575,4727.07686829567,374.06439766287804
subImage_28,channel,4284,0,0.57563186,0.543167,0.641859,0.5642035,4573.7628227472305,295.11423712968826
subImage_28,channel,4284,0,0.42999172,0.69347245,0.5023479,0.711595,4505.896826863289,374.4504737854004
subImage_28,channel,4284,0,0.09253821,0.5459403,0.17058498,0.56860083,4346.62331789732,297.02520671486855
subImage_28,channel,4284,0,0.09614993,0.09323072,0.16512705,0.117880866,4346.183921888471,56.26123682036996
subImage_29,channel,4284,533,0.28563115,0.89565504,0.35610458,0.91998005,4436.733104348183,1016.8667501807213
subImage_29,channel,4284,533,0.6051825,0.7431698,0.6725969,0.76858056,4588.111497282982,935.8814657330513
subImage_29,channel,4284,533,0.5848853,0.1419078,0.64995766,0.1648636,4577.892623543739,614.7545774579048
subImage_29,channel,4284,533,0.7640975,0.89341646,0.84056604,0.9175108,4665.909925103188,1015.6121179461479
subImage_29,channel,4284,533,0.44827276,0.89404684,0.5120316,0.9198174,4512.552442312241,1016.3948175907135
subImage_29,channel,4284,533,0.262262,0.44317782,0.33498147,0.47073123,4426.143943011761,776.5567612498999
subImage_29,channel,4284,533,0.4461225,0.74431056,0.50920266,0.7682723,4511.367387235165,936.1033264696598
subImage_29,channel,4284,533,0.12277495,0.8969562,0.1969918,0.9210135,4360.104487076402,1017.4889196753502
subImage_29,channel,4284,533,0.89626426,0.4410366,0.964314,0.46495056,4726.817620873451,774.445581689477
subImage_29,channel,4284,533,0.4195218,0.44496673,0.49367628,0.46630824,4501.3411439061165,775.8547793924809
subImage_29,channel,4284,533,0.10370461,0.4456075,0.17565273,0.46770486,4350.4870460778475,776.3977480828762
subImage_29,channel,4284,533,0.12050152,0.5972505,0.18189521,0.6165924,4355.970421642065,856.4891404211521
subImage_29,channel,4284,533,0.6085359,0.8941817,0.67616874,0.91892856,4589.759700894356,1016.1938928067684
subImage_29,channel,4284,533,0.1256265,0.7484877,0.19286464,0.7717577,4359.800892740488,938.1454078555107
subImage_29,channel,4284,533,0.28237686,0.74581623,0.34869763,0.772276,4434.195728182793,937.5715753138065
subImage_29,channel,4284,533,0.28321263,0.2953435,0.341831,0.31457144,4432.760384082794,695.542328491807
subImage_29,channel,4284,533,0.75265557,0.14077419,0.817812,0.16049628,4657.771286725998,613.2885802611709
subImage_29,channel,4284,533,0.7642379,0.7442263,0.8272854,0.76646054,4662.7825429439545,935.5980361402035
subImage_29,channel,4284,533,0.90255487,0.74021125,0.98904413,0.7682622,4734.200561881065,935.0081759989262
subImage_29,channel,4284,533,0.60051626,0.5937377,0.6630776,0.6129569,4584.735336899757,854.5841116905212
subImage_29,channel,4284,533,0.27934572,0.59438807,0.33877105,0.6122016,4431.11179035902,854.556138843298
subImage_29,channel,4284,533,0.5824608,0.444959,0.6533775,0.46604,4578.129513978958,775.7812335193157
subImage_29,channel,4284,533,0.41665918,0.14234167,0.49202397,0.16147952,4500.266589939594,613.9683474525809
subImage_29,channel,4284,533,0.44372368,0.59491044,0.5074389,0.61490065,4510.376693248749,855.4146558642387
subImage_29,channel,4284,533,0.60264164,0.29224375,0.65959436,0.31030425,4584.412167787552,693.5790428519249
subImage_29,channel,4284,533,0.09752719,0.14253749,0.1744058,0.16304044,4348.720051467419,614.4365193545818
subImage_29,channel,4284,533,0.9222953,0.89361495,0.9912359,0.9149155,4739.42042183876,1014.9733648896217
subImage_29,channel,4284,533,0.7649643,0.29217723,0.82279134,0.31194153,4661.885837674141,693.9976507127285
subImage_29,channel,4284,533,0.0065416354,0.89760923,0.0374004,0.91957664,4294.4582040393725,1017.280036687851
subImage_31,channel,4760,0,0.7042827,0.8338778,0.7790764,0.8612604,5113.039465427399,451.75433456897736
subImage_31,channel,4760,0,0.6904942,0.23507698,0.76586133,0.25781578,5106.612611889839,131.35591975599527
subImage_31,channel,4760,0,0.21585557,0.68594956,0.2819668,0.711624,4878.481725037098,372.4533618092537
subImage_31,channel,4760,0,0.53999066,0.83878905,0.6160635,0.8632945,5035.14088511467,453.60526022315025
subImage_31,channel,4760,0,0.3812585,0.8373078,0.4540809,0.86474824,4958.810776531696,453.5979374051094
subImage_31,channel,4760,0,0.846249,0.6845189,0.9153154,0.7084243,5179.252321004868,371.21936371922493
subImage_31,channel,4760,0,0.52622175,0.088283725,0.5902593,0.11327087,5025.722493648529,53.71429994702339
subImage_31,channel,4760,0,0.5249581,0.6868472,0.60333294,0.7086282,5028.533260583878,371.89419078826904
subImage_31,channel,4760,0,0.21507846,0.2411195,0.28480095,0.26175293,4878.971298366785,134.01550452411175
subImage_31,channel,4760,0,0.20040272,0.39049268,0.26069194,0.4148748,4869.7405296862125,214.63043069839478
subImage_31,channel,4760,0,0.67620355,0.5353396,0.7629613,0.5593376,5102.521240711212,291.7314764261246
subImage_31,channel,4760,0,0.3729124,0.68644136,0.4477893,0.7089765,4955.327008962631,371.87886211276054
subImage_31,channel,4760,0,0.8422945,0.23508197,0.921845,0.26152042,5179.865208864212,132.34453593194485
subImage_31,channel,4760,0,0.2004525,0.08781951,0.27650568,0.11662672,4873.516048133373,54.48491932451725
subImage_31,channel,4760,0,0.22548857,0.8392709,0.29786044,0.8619082,4884.55706602335,453.36422672867775
subImage_31,channel,4760,0,0.84528095,0.8354395,0.92695475,0.8612655,5181.79209458828,452.1718781590462
subImage_31,channel,4760,0,0.032456692,0.3891298,0.11213505,0.41729707,4794.412835307419,214.91275630891323
subImage_32,channel,4760,533,0.55479836,0.73809683,0.618989,0.76399297,5039.361390590668,933.3069312870502
subImage_32,channel,4760,533,0.39383143,0.8908453,0.46659684,0.9134211,4964.781929135323,1013.8369937837124
subImage_32,channel,4760,533,0.5292333,0.43685287,0.6042526,0.46172708,5029.769633173943,772.47155803442
subImage_32,channel,4760,533,0.8493439,0.4336942,0.9226697,0.46231335,5181.739237904549,771.7860167771578
subImage_32,channel,4760,533,0.5464262,0.5883714,0.61664563,0.6106316,5036.811091065407,852.5342944860458
subImage_32,channel,4760,533,0.6939845,0.43608567,0.76610076,0.46108538,5107.500294923782,772.096084907651
subImage_32,channel,4760,533,0.23263204,0.8906295,0.30215698,0.91467476,4887.279788136482,1014.1135770976543
subImage_32,channel,4760,533,0.22872707,0.287683,0.29148424,0.30972522,4883.810291588306,692.2092946469784
subImage_32,channel,4760,533,0.53820443,0.13715257,0.5998225,0.15724736,5030.85041475296,611.457581885159
subImage_32,channel,4760,533,0.2347014,0.5888618,0.29725388,0.61334425,4886.6053547263145,853.3879190385342
subImage_32,channel,4760,533,0.7129609,0.58701515,0.77160347,0.6081573,5113.326318621635,851.5134523510933
subImage_32,channel,4760,533,0.08050853,0.8932707,0.14527223,0.91499585,4813.735819756985,1014.9030277132988
subImage_32,channel,4760,533,0.5563704,0.8875057,0.62556,0.91352856,5041.299426436424,1012.9756334125996
subImage_32,channel,4760,533,0.39679724,0.73922867,0.46967626,0.7649928,4966.220692038536,933.875013589859
subImage_32,channel,4760,533,0.23524094,0.7406111,0.30589885,0.76444906,4888.791267991066,934.0985263288021
subImage_32,channel,4760,533,0.075099334,0.2877212,0.139388,0.31115234,4811.047984331846,692.5997946411371
subImage_32,channel,4760,533,0.37746674,0.13802895,0.43988454,0.15977196,4954.5296050310135,612.3639434352517
subImage_32,channel,4760,533,0.84653133,0.13255978,0.9178505,0.15697078,5179.922874569893,610.1598943397403
subImage_32,channel,4760,533,0.71905684,0.7393666,0.79257685,0.7609165,5119.7688192129135,932.8254361450672
subImage_32,channel,4760,533,0.7063224,0.28411084,0.7764145,0.3070627,5112.891378760338,690.5477456450462
subImage_32,channel,4760,533,0.5516688,0.28611398,0.6236352,0.30715495,5039.7223509550095,691.1061700880527
subImage_32,channel,4760,533,0.39218536,0.28794128,0.45238444,0.30667555,4961.007612943649,691.4653852880001
subImage_32,channel,4760,533,0.0520263,0.4378002,0.13214466,0.4639956,4803.832688808441,773.3285818994045
subImage_32,channel,4760,533,0.21510163,0.4392302,0.28539827,0.46586838,4879.118977189064,774.208773508668
subImage_32,channel,4760,533,0.07706863,0.58980185,0.1427365,0.6128542,4812.313618898392,853.5078321695328
subImage_32,channel,4760,533,0.3907077,0.5904299,0.45414907,0.61029536,4961.07591098547,852.99328109622
subImage_32,channel,4760,533,0.8600593,0.2842256,0.9210821,0.30583972,5183.911653280258,690.2524105161428
subImage_32,channel,4760,533,0.86499983,0.734839,0.9353188,0.7622117,5188.475840687752,931.9640122354031
subImage_32,channel,4760,533,0.20909667,0.13675219,0.27993494,0.15981801,4876.389523863792,612.0359574332833
subImage_32,channel,4760,533,0.37631235,0.43811595,0.44833493,0.46237522,4956.26605206728,772.9808989465237
subImage_32,channel,4760,533,0.71422017,0.88811815,0.79344666,0.90929294,5118.824704647064,1012.0100539326668
subImage_32,channel,4760,533,0.07094528,0.74169886,0.14933378,0.76376134,4812.426414579153,934.2051440179348
subImage_34,channel,5236,0,0.49582168,0.83130103,0.5693828,0.85957485,5489.518664181232,450.61842411756516
subImage_34,channel,5236,0,0.81286716,0.82971406,0.88504446,0.8568773,5640.102965593338,449.4766045808792
subImage_34,channel,5236,0,0.65563965,0.8293957,0.7250792,0.85807145,5564.6110808849335,449.7099975645542
subImage_34,channel,5236,0,0.16843408,0.23240958,0.23450257,0.25859353,5331.898923248053,130.85232908278704
subImage_34,channel,5236,0,0.48230633,0.22992961,0.5567564,0.2572435,5483.296924650669,129.8316378518939
subImage_34,channel,5236,0,0.14587814,0.08258863,0.22552194,0.109842114,5324.3932174146175,51.28279276564717
subImage_34,channel,5236,0,0.33887145,0.8313952,0.40202954,0.8585745,5412.334436416626,450.3769299685955
subImage_34,channel,5236,0,0.46495247,0.08029703,0.54858947,0.108275935,5477.222980976105,50.25469532236457
subImage_34,channel,5236,0,0.146528,0.3847892,0.2104791,0.412112,5320.967690080404,212.37416879832745
subImage_34,channel,5236,0,0.6475748,0.68069124,0.70930725,0.7004441,5558.93792450428,368.07256931066513
subImage_34,channel,5236,0,0.30621755,0.3819954,0.3694676,0.4064287,5396.813062727451,210.1150238364935
subImage_34,channel,5236,0,0.45818675,0.38088164,0.5421381,0.40819085,5474.077313184738,210.28781692683697
subImage_34,channel,5236,0,0.7999354,0.6781536,0.8739392,0.7002477,5634.382158756256,367.34394097328186
subImage_34,channel,5236,0,0.17123026,0.83150464,0.25138164,0.8612406,5336.581630349159,451.1166140139103
subImage_34,channel,5236,0,0.63914186,0.23051855,0.71890044,0.25540072,5559.214067339897,129.497484639287
subImage_34,channel,5236,0,0.15981784,0.68356186,0.23640384,0.70424795,5330.300760418177,369.8513151705265
subImage_34,channel,5236,0,0.79431355,0.5307257,0.8627057,0.55440676,5630.370583295822,289.18780583143234
subImage_34,channel,5236,0,0.17203765,0.9800654,0.24832393,0.99883276,5336.046055674553,527.3763616681099
subImage_34,channel,5236,0,0.793381,0.079652734,0.8694659,0.10605729,5631.757553458214,49.4917224124074
subImage_34,channel,5236,0,0.48635036,0.68003404,0.5561168,0.7015874,5484.107188105583,368.2021085321903
subImage_34,channel,5236,0,0.15040031,0.5315748,0.22971031,0.56020015,5326.466327905655,290.9580216407776
subImage_34,channel,5236,0,0.32160577,0.2323779,0.3944674,0.2582752,5406.425418078899,130.75905448943377
subImage_34,channel,5236,0,0.65267706,0.9795808,0.7306207,0.9976939,5565.224862456322,526.9437117874622
subImage_34,channel,5236,0,0.0102406405,0.23265043,0.08353183,0.26351494,5258.317847199738,132.22806976735592
subImage_35,channel,5236,533,0.511959,0.88205713,0.57631916,0.90773815,5495.010205507278,1009.9804419875145
subImage_35,channel,5236,533,0.6617008,0.27938905,0.7241962,0.3012184,5565.843481421471,687.7318838387728
subImage_35,channel,5236,533,0.34172958,0.27905074,0.4046119,0.30349213,5413.629269123077,688.2476739138365
subImage_35,channel,5236,533,0.5046661,0.27991,0.56714445,0.30152667,5491.090909361839,687.9528709203005
subImage_35,channel,5236,533,0.81990623,0.27848524,0.8844702,0.3026046,5641.641597270966,687.8604382127523
subImage_35,channel,5236,533,0.16933182,0.43292314,0.23317866,0.45583954,5331.797494024038,769.855254933238
subImage_35,channel,5236,533,0.821302,0.7284684,0.8890026,0.75616586,5643.052499055862,928.655035674572
subImage_35,channel,5236,533,0.3171769,0.1304563,0.38806543,0.15159011,5403.847675919533,608.1653675884008
subImage_35,channel,5236,533,0.5030579,0.58330613,0.5724283,0.60212773,5491.965711593628,848.9181249141693
subImage_35,channel,5236,533,0.6584323,0.73204964,0.7337218,0.7573314,5567.332675218582,929.9200405776501
subImage_35,channel,5236,533,0.6441069,0.43038407,0.7195937,0.4533462,5560.560749530792,768.5141149610281
subImage_35,channel,5236,533,0.8229825,0.88011885,0.8896838,0.9036317,5643.614573001862,1008.369517326355
subImage_35,channel,5236,533,0.014104497,0.4308686,0.08162041,0.45843938,5258.782527811825,770.00057554245
subImage_35,channel,5236,533,0.32931185,0.4330931,0.39246678,0.45523235,5407.783314228058,769.7387331724167
subImage_35,channel,5236,533,0.8247335,0.58008707,0.8766895,0.60170203,5640.938671469688,847.9467951953411
subImage_35,channel,5236,533,0.17495319,0.7353757,0.25156257,0.75703555,5337.510750412941,930.7275996804237
subImage_35,channel,5236,533,0.66425586,0.58232635,0.7242648,0.60272324,5566.467916607857,848.8157166540623
subImage_35,channel,5236,533,0.019279785,0.5849202,0.09640048,0.6071142,5263.531902462244,850.6771738231182
subImage_35,channel,5236,533,0.18336292,0.2826465,0.24610248,0.30184942,5338.212764769793,688.7681658416986
subImage_35,channel,5236,533,0.6689818,0.8831697,0.7417706,0.90597147,5571.759074926376,1009.8061239719391
subImage_35,channel,5236,533,0.80373555,0.12990555,0.8749343,0.14932567,5635.52342903614,607.4151202589273
subImage_35,channel,5236,533,0.48118073,0.1304922,0.5580309,0.15003353,5483.332368135452,607.7601067945361
subImage_35,channel,5236,533,0.34184712,0.7354633,0.412882,0.7542201,5415.62553101778,930.0006392300129
subImage_35,channel,5236,533,0.01484019,0.13410823,0.07379445,0.15447602,5257.095043649897,609.9077018871903
subImage_35,channel,5236,533,0.5061942,0.73221195,0.5802002,0.7547798,5494.561859965324,929.2833048701286
subImage_37,channel,5712,0,0.44554085,0.8242177,0.5191261,0.8532118,5941.590737104416,447.03496101498604
subImage_37,channel,5712,0,0.7691808,0.8227082,0.83976436,0.85142654,6094.928941249847,446.1569058895111
subImage_37,channel,5712,0,0.10228222,0.07531942,0.18378611,0.10501264,5780.084261998534,48.05849323794246
subImage_37,channel,5712,0,0.74764836,0.5259743,0.818898,0.5469902,6084.838038563728,285.9450364410877
subImage_37,channel,5712,0,0.2559717,0.37688714,0.32449773,0.40159428,5850.151724219322,207.46529945731163
subImage_37,channel,5712,0,0.91959506,0.8237283,0.99309665,0.850474,6167.22062754631,446.1749190688133
subImage_37,channel,5712,0,0.7569586,0.22556396,0.8202797,0.24772435,6087.3827204704285,126.13133529573679
subImage_37,channel,5712,0,0.12530056,0.82980347,0.20099786,0.85313004,5789.659022927284,448.50178024172783
subImage_37,channel,5712,0,0.7553405,0.6738035,0.8255334,0.69364166,6088.24798977375,364.4241380393505
subImage_37,channel,5712,0,0.60024714,0.67526007,0.6630042,0.6943646,6012.653824687004,365.0049757063389
subImage_37,channel,5712,0,0.7692354,0.97282135,0.8410253,0.9958001,6095.242038369179,524.637611836195
subImage_37,channel,5712,0,0.1216775,0.23093712,0.18400447,0.25214678,5784.75230973959,128.74186035990715
subImage_37,channel,5712,0,0.57661575,0.5262403,0.662037,0.5485972,6006.799358248711,286.44419530034065
subImage_37,channel,5712,0,0.00376959,0.82800865,0.039154537,0.85582685,5722.215942244045,448.7421624660492
subImage_37,channel,5712,0,0.28227705,0.82834345,0.3507998,0.84995264,5862.6722894907,447.2659077644348
subImage_38,channel,5712,533,0.75968325,0.12126032,0.8283671,0.14355034,6089.9559869766235,603.5720406211913
subImage_38,channel,5712,533,0.5947046,0.42379317,0.6692744,0.44984716,6012.827006220818,765.8251475840807
subImage_38,channel,5712,533,0.77130955,0.7226779,0.8416613,0.7515243,6095.887057304382,925.8748904764652
subImage_38,channel,5712,533,0.6133428,0.5769878,0.6743635,0.5965266,6018.474103093147,845.7415944635868
subImage_38,channel,5712,533,0.28045923,0.42657158,0.34196943,0.4500872,5860.138020038605,766.6295615285635
subImage_38,channel,5712,533,0.6155333,0.72543633,0.6845286,0.7511381,6021.414727807045,926.5070831775665
subImage_38,channel,5712,533,0.44234812,0.124149546,0.50459665,0.14600481,5937.372856020927,604.9961361289024
subImage_38,channel,5712,533,0.4473079,0.7270261,0.5198434,0.7503549,5942.182012736797,926.7220340967178
subImage_38,channel,5712,533,0.29028153,0.57680005,0.3567517,0.59934115,5865.993912160397,846.4416304528713
subImage_38,channel,5712,533,0.6091429,0.274719,0.67536855,0.29504493,6017.713724374771,684.8420869857073
subImage_38,channel,5712,533,0.45282543,0.5739763,0.51962364,0.5984467,5943.442877292633,845.4507308602333
subImage_38,channel,5712,533,0.7607772,0.42490184,0.82571477,0.4474493,6089.585082292557,765.4815787523985
subImage_38,channel,5712,533,0.76498425,0.27181938,0.8438019,0.29507315,6094.891107439995,684.0768604427576
subImage_38,channel,5712,533,0.13724433,0.7290056,0.19800831,0.7542263,5791.790128946304,928.2813019156456
subImage_38,channel,5712,533,0.6161433,0.8744197,0.6902519,0.8999785,6022.92205119133,1005.8771223425865
subImage_38,channel,5712,533,0.28182256,0.27561384,0.3533577,0.29632244,5863.172903001308,685.4210184961557
subImage_38,channel,5712,533,0.46334967,0.8778034,0.53696334,0.90053093,5950.074497282505,1006.9260961711407
subImage_38,channel,5712,533,0.30063325,0.87940526,0.36995834,0.901005,5871.60079908371,1007.4793422222137
subImage_38,channel,5712,533,0.28000253,0.12539408,0.34587234,0.14551517,5860.958220720291,605.1973150670528
subImage_38,channel,5712,533,0.9241371,0.2709266,0.99334484,0.2929816,6168.360706210136,683.2815325111151
subImage_38,channel,5712,533,0.7731613,0.5743588,0.84475166,0.5965432,6097.063281655312,845.04538667202
subImage_38,channel,5712,533,0.90442324,0.42367378,0.97566104,0.44675902,6159.460057735443,764.9703396260738
subImage_38,channel,5712,533,0.7764675,0.87721395,0.8491769,0.8962403,6098.903363823891,1005.625557333231
subImage_38,channel,5712,533,0.13012178,0.27756253,0.19413657,0.2989324,5789.173489034176,686.6358994245529
subImage_38,channel,5712,533,0.93280303,0.72423375,0.9940535,0.7482481,6170.591851234436,925.4164121747017
subImage_38,channel,5712,533,0.60159266,0.1245696,0.6684214,0.14305624,6014.263343334198,604.3222879506648
subImage_38,channel,5712,533,0.0057950704,0.5795828,0.04081189,0.59915733,5723.092456315644,847.134248316288
subImage_38,channel,5712,533,0.9327389,0.8752812,0.9977254,0.895339,6171.450509905815,1004.8702904582024
subImage_38,channel,5712,533,0.9041342,0.120634004,0.9769616,0.1454162,6159.700806736946,603.9023795351386
subImage_40,channel,6188,0,0.23663938,0.8210791,0.30655247,0.8492201,6317.279660344124,445.1347294449806
subImage_40,channel,6188,0,0.555318,0.8178424,0.6288479,0.8466135,6469.831483006477,443.57751074433327
subImage_40,channel,6188,0,0.39207682,0.8201908,0.46480906,0.84727305,6391.938839495182,444.3791131079197
subImage_40,channel,6188,0,0.55966496,0.9677616,0.62951696,0.99241513,6471.025297880173,522.3870922327042
subImage_40,channel,6188,0,0.7211792,0.9683765,0.7862191,0.9900619,6546.7607971429825,521.923832654953
subImage_40,channel,6188,0,0.07247376,0.82211787,0.15561613,0.84701765,6242.2853941470385,444.82461366057396
subImage_40,channel,6188,0,0.70998085,0.8174452,0.78920287,0.84695554,6544.805724024773,443.56280156970024
subImage_40,channel,6188,0,0.8637917,0.8160636,0.93942606,0.8431819,6617.165828943253,442.18892335891724
subImage_40,channel,6188,0,0.7058612,0.66786855,0.7746334,0.68870956,6540.357719182968,361.5280667543411
subImage_40,channel,6188,0,0.39278743,0.6687869,0.4550285,0.6877466,6389.780191540718,361.5161691606045
subImage_40,channel,6188,0,0.07423557,0.97161245,0.14730322,0.9952754,6240.726233690977,524.1756071448326
subImage_40,channel,6188,0,0.23203953,0.97008574,0.30752084,0.99145937,6316.415366321802,522.751771748066
subImage_40,channel,6188,0,0.0673123,0.51970816,0.13441466,0.5475552,6236.01101604104,284.4256867170334
subImage_40,channel,6188,0,0.6925396,0.5176516,0.772287,0.54077476,6536.6287269592285,282.07063031196594
subImage_41,channel,6188,533,0.7212253,0.26614627,0.78910893,0.29009107,6547.459552288055,681.2372511029243
subImage_41,channel,6188,533,0.23015249,0.42161196,0.29859492,0.446956,6313.841883480549,764.4733649045229
subImage_41,channel,6188,533,0.24368581,0.26943636,0.30844253,0.29220468,6319.406546056271,682.6773364841938
subImage_41,channel,6188,533,0.5593286,0.26764965,0.62882996,0.29334584,6470.781740069389,682.5052979141474
subImage_41,channel,6188,533,0.07403632,0.42090344,0.13837242,0.44687143,6238.553281024098,764.2620039135218
subImage_41,channel,6188,533,0.5611679,0.56857187,0.6301335,0.59079844,6471.529734492302,841.9721857905388
subImage_41,channel,6188,533,0.38944143,0.419565,0.45461565,0.44519398,6388.885585784912,763.4582650661469
subImage_41,channel,6188,533,0.5657039,0.71884316,0.63616407,0.7447402,6474.044583439827,923.044962823391
subImage_41,channel,6188,533,0.7243417,0.56756824,0.79359293,0.5910108,6549.268439650536,841.7613172233105
subImage_41,channel,6188,533,0.090332784,0.875235,0.15747629,0.8951563,6246.978559806943,1004.809293448925
subImage_41,channel,6188,533,0.08101148,0.57306045,0.15167135,0.59450877,6243.378513917327,844.1571971476078
subImage_41,channel,6188,533,0.73143053,0.87127966,0.79992855,0.89259136,6552.4634602069855,1003.0716252624989
subImage_41,channel,6188,533,0.09041361,0.7227941,0.15948147,0.7476772,6247.475027486682,924.8806074559689
subImage_41,channel,6188,533,0.2527161,0.72360355,0.3154052,0.7451603,6323.212865650654,924.4255602359772
subImage_41,channel,6188,533,0.25447598,0.87241757,0.31488186,0.89661837,6323.507166445255,1004.4480767846107
subImage_41,channel,6188,533,0.39298475,0.11881798,0.4532963,0.14247298,6389.414890289307,602.6340408436954
subImage_41,channel,6188,533,0.707066,0.118278265,0.7714264,0.13540566,6539.881186246872,600.6067659258842
subImage_41,channel,6188,533,0.08253201,0.2691832,0.14642453,0.2932679,6242.491657212377,682.8932166546583
subImage_41,channel,6188,533,0.54954106,0.11800593,0.61145896,0.14019746,6464.318003177643,601.8112027049065
subImage_41,channel,6188,533,0.7052213,0.41813275,0.77714497,0.44200823,6540.803170800209,762.2275709807873
subImage_41,channel,6188,533,0.8555148,0.41491053,0.9319282,0.44258925,6613.411443948746,761.5236909091473
subImage_41,channel,6188,533,0.40924984,0.56930035,0.4699733,0.5893773,6397.25510686636,841.7875904142857
subImage_41,channel,6188,533,0.2439545,0.5719535,0.3101954,0.5910178,6319.887671679258,842.93184030056
subImage_41,channel,6188,533,0.23563637,0.12060429,0.28482226,0.14102916,6311.869152456522,602.7253159582615
subImage_41,channel,6188,533,0.85685396,0.113704145,0.9304379,0.13746023,6613.375468492508,599.9353064000607
subImage_41,channel,6188,533,0.8699566,0.7176082,0.95128185,0.7427363,6621.454753041267,922.181807488203
subImage_41,channel,6188,533,0.54716855,0.4179847,0.61519164,0.44161087,6464.641725540161,762.0822186022997
subImage_41,channel,6188,533,0.8715034,0.56550586,0.94731987,0.58731896,6620.879940152168,840.2278142869473
subImage_41,channel,6188,533,0.40074345,0.26900196,0.4733275,0.28928974,6396.028884291649,681.7847389727831
subImage_41,channel,6188,533,0.71271247,0.7183898,0.80305517,0.73949957,6548.7526968717575,921.5275192558765
subImage_41,channel,6188,533,0.871672,0.26720774,0.93655235,0.28612378,6618.35738825798,680.4628511816263
subImage_43,channel,6664,0,0.8183872,0.8089996,0.8932534,0.8359551,7071.370461940765,438.3804225921631
subImage_43,channel,6664,0,0.8264786,0.95807505,0.89223176,0.9860473,7073.053066372871,518.1086126863956
subImage_43,channel,6664,0,0.16621308,0.06552151,0.23428091,0.09181246,6759.317570656538,41.92950302362442
subImage_43,channel,6664,0,0.47215378,0.36342776,0.5479208,0.38703957,6906.777756214142,199.99954350292683
subImage_43,channel,6664,0,0.66791624,0.9604552,0.73862594,0.9848991,6998.757039308548,518.4369163811207
subImage_43,channel,6664,0,0.5048691,0.9609946,0.5738613,0.9844587,6920.737836241722,518.4633007645607
subImage_43,channel,6664,0,0.6413547,0.06276097,0.72110647,0.08794746,6988.265753626823,40.163796465843916
subImage_43,channel,6664,0,0.30900136,0.36349243,0.3920971,0.39244384,6830.8614292144775,201.4570146203041
subImage_43,channel,6664,0,0.17923145,0.6627234,0.24962166,0.6862989,6766.06704005599,359.5144506394863
subImage_43,channel,6664,0,0.6357331,0.361322,0.7093226,0.38881978,6984.123256444931,199.91278161108494
subImage_43,channel,6664,0,0.65483457,0.21205491,0.7257154,0.23991838,6992.570892214775,120.45088158547878
subImage_43,channel,6664,0,0.5064694,0.8131516,0.5818343,0.8399206,6923.016291260719,440.5437355339527
subImage_43,channel,6664,0,0.32392192,0.06824031,0.39127916,0.090324484,6834.217857003212,42.25751682370901
subImage_43,channel,6664,0,0.81446046,0.21143669,0.88414603,0.23839763,7068.26834487915,119.8808454722166
subImage_43,channel,6664,0,0.16648991,0.51773214,0.23493767,0.537899,6759.539764493704,281.3257043361664
subImage_43,channel,6664,0,0.50158834,0.21494155,0.5638679,0.23776406,6917.578592538834,120.64604421705008
subImage_43,channel,6664,0,0.34486654,0.9619751,0.41844198,0.9867163,6845.667428970337,519.3262495994568
subImage_43,channel,6664,0,0.012321479,0.06478811,0.08003036,0.095559314,6685.979737447575,42.73258861526847
subImage_43,channel,6664,0,0.32919535,0.5135453,0.39457247,0.5377393,6836.256740450859,280.1673330068588
subImage_43,channel,6664,0,0.6589832,0.8133513,0.7343198,0.8377571,6995.606108546257,440.02038437128067
subImage_43,channel,6664,0,0.18761836,0.9643404,0.25554425,0.98785424,6769.472700029612,520.2598691880703
subImage_43,channel,6664,0,0.3411217,0.8133345,0.41759825,0.841466,6844.575348317623,441.0043423771858
subImage_43,channel,6664,0,0.79558665,0.061525244,0.8725024,0.08866829,7061.005189657211,40.02657602913678
subImage_43,channel,6664,0,0.15480742,0.36496702,0.23289254,0.38933718,6756.272590875626,201.02206940948963
subImage_43,channel,6664,0,0.3355871,0.21561994,0.41032588,0.23765011,6841.527293741703,120.79646776616573
subImage_44,channel,6664,533,0.5036163,0.11057052,0.5630685,0.13450697,6917.870978236198,598.3131512999535
subImage_44,channel,6664,533,0.68406117,0.86345905,0.749993,0.88674265,7005.304898619652,999.4287536144257
subImage_44,channel,6664,533,0.67824143,0.7135028,0.75300384,0.73461014,7004.636373639107,918.9221050739288
subImage_44,channel,6664,533,0.65957224,0.41109258,0.72740215,0.43471473,6994.099905848503,758.4076491594315
subImage_44,channel,6664,533,0.5209627,0.86275965,0.5903742,0.89101607,6928.498179078102,1000.3812282681465
subImage_44,channel,6664,533,0.51853263,0.26121944,0.58439106,0.28202295,6926.495838522911,677.7740982472897
subImage_44,channel,6664,533,0.3499862,0.56431025,0.41902998,0.5851401,6847.025849997997,839.3285214006901
subImage_44,channel,6664,533,0.34082165,0.4127385,0.41280085,0.43848237,6843.362155497074,759.8503634482622
subImage_44,channel,6664,533,0.20058969,0.71252984,0.26959035,0.7390044,6775.902848243713,919.8338674008846
subImage_44,channel,6664,533,0.19759598,0.56365377,0.25666478,0.585565,6772.114062428474,839.2667936980724
subImage_44,channel,6664,533,0.50254196,0.56342363,0.5801241,0.5859027,6921.674517393112,839.2954654693604
subImage_44,channel,6664,533,0.36137208,0.8636164,0.42483607,0.89127535,6851.117540359497,1000.6786522269249
subImage_44,channel,6664,533,0.67231673,0.25745824,0.74701065,0.28305882,7001.799916028976,677.0477970093489
subImage_44,channel,6664,533,0.35087943,0.2613188,0.41801047,0.28622577,6846.995797157288,678.920627579093
subImage_44,channel,6664,533,0.82133335,0.4098833,0.88079554,0.4350658,7069.10667514801,758.1789342015982
subImage_44,channel,6664,533,0.8271738,0.85746944,0.90977156,0.88764596,7077.393002986908,998.073253929615
subImage_44,channel,6664,533,0.1993488,0.86535907,0.2637093,0.8863276,6774.207831144333,999.8245034813881
subImage_44,channel,6664,533,0.1788739,0.114176326,0.25063732,0.1341382,6766.223670184612,599.1758201681077
subImage_44,channel,6664,533,0.51361185,0.7130754,0.5913975,0.73619944,6926.992231726646,919.2317443192005
subImage_44,channel,6664,533,0.49423462,0.41185844,0.5628401,0.4393771,6915.58378469944,759.854271069169
subImage_44,channel,6664,533,0.35713044,0.7163741,0.4216561,0.73758507,6849.351196527481,920.4801180064678
subImage_44,channel,6664,533,0.18392634,0.26292056,0.25280005,0.28484353,6767.9408811330795,678.9791307002306
subImage_44,channel,6664,533,0.8208776,0.257872,0.8931703,0.2809736,7071.943402290344,676.602352052927
subImage_44,channel,6664,533,0.022051303,0.11242399,0.09217007,0.13563801,6691.184686023742,599.1085248999298
subImage_44,channel,6664,533,0.026468236,0.41658646,0.106339544,0.43823782,6695.608251653612,760.8106692284346
subImage_44,channel,6664,533,0.81588894,0.107796215,0.8823937,0.13240361,7068.191272854805,597.0132538042963
subImage_44,channel,6664,533,0.03866253,0.56411505,0.1045539,0.5889086,6698.085510611534,840.2808054387569
subImage_44,channel,6664,533,0.036604892,0.26380667,0.1023069,0.2866917,6697.06100717932,679.7078146338463
subImage_44,channel,6664,533,0.046512593,0.7149067,0.1154454,0.74370897,6702.546001709998,921.7210735678673
subImage_44,channel,6664,533,0.66357,0.11026116,0.7276309,0.13100314,6995.105814218521,597.2969355657697
subImage_44,channel,6664,533,0.17614241,0.41458398,0.24748111,0.43688318,6764.822397083044,759.9159987717867
subImage_46,channel,7140,0,0.27487648,0.50626266,0.3448845,0.53471506,7287.503115653992,277.42056143283844
subImage_46,channel,7140,0,0.43652466,0.5075254,0.50753534,0.5328235,7364.686279475689,277.25297850370407
subImage_46,channel,7140,0,0.29824275,0.9570435,0.3692301,0.98007613,7298.858535766602,516.2423901259899
subImage_46,channel,7140,0,0.7771528,0.9530672,0.8478374,0.97927696,7526.7476593256,514.9697129428387
subImage_46,channel,7140,0,0.43654943,0.0584682,0.5046543,0.0850819,7364.006483793259,38.25610110163689
subImage_46,channel,7140,0,0.73880184,0.35453844,0.82293904,0.38363692,7511.6943283081055,196.7237340658903
subImage_46,channel,7140,0,0.42084536,0.35340047,0.4950793,0.38602015,7357.990071058273,197.05559591948986
subImage_46,channel,7140,0,0.283493,0.8076637,0.36415866,0.8326465,7294.141098022461,437.142659842968
subImage_46,channel,7140,0,0.26236477,0.36117828,0.33392394,0.3853416,7281.916713178158,198.94755159318447
subImage_46,channel,7140,0,0.5898905,0.50645226,0.6663691,0.5316081,7438.989775419235,276.6430878341198
subImage_46,channel,7140,0,0.61897904,0.9530502,0.6904067,0.97781813,7451.633800625801,514.5764093101025
subImage_46,channel,7140,0,0.7723765,0.8027366,0.8467354,0.83072,7525.34863114357,435.3161806464195
subImage_46,channel,7140,0,0.61025715,0.6543801,0.6772946,0.67612237,7446.4373190402985,354.5789030492306
subImage_46,channel,7140,0,0.28904617,0.6574011,0.35419786,0.67799854,7293.0920786857605,355.88400077819824
subImage_46,channel,7140,0,0.4514971,0.8069182,0.524973,0.8328879,7372.39987975359,437.00832346081734
subImage_46,channel,7140,0,0.7399285,0.056552622,0.82861006,0.08343923,7513.312174081802,37.30782892741263
subImage_46,channel,7140,0,0.11534467,0.059157737,0.18633194,0.08631549,7211.799034625292,38.76861497014761
subImage_46,channel,7140,0,0.27227354,0.060478464,0.3429938,0.083515815,7286.4336260557175,38.37447540834546
subImage_46,channel,7140,0,0.7662834,0.6547401,0.83357996,0.67720217,7520.76747739315,354.96261236071587
subImage_46,channel,7140,0,0.4452294,0.6553478,0.51806307,0.67785645,7369.263610124588,355.2989377975464
subImage_46,channel,7140,0,0.75955415,0.2076301,0.84176505,0.2325009,7521.113968133926,117.29490982741117
subImage_46,channel,7140,0,0.45881674,0.95694643,0.5268573,0.98006344,7374.590424716473,516.2131306231022
subImage_46,channel,7140,0,0.57988703,0.35610786,0.65391374,0.38471922,7433.644582986832,197.4304177761078
subImage_46,channel,7140,0,0.13665973,0.9563483,0.20037183,0.9821368,7220.213510841131,516.6062754094601
subImage_46,channel,7140,0,0.123611785,0.5092009,0.187096,0.5358085,7213.948452875018,278.4949983358383
subImage_46,channel,7140,0,0.12687813,0.21148632,0.19406804,0.23400727,7216.385188907385,118.72404275089502
subImage_46,channel,7140,0,0.002339589,0.80995244,0.055226862,0.83340436,7153.700815427117,437.95458722114563
subImage_46,channel,7140,0,0.60207117,0.20674089,0.6775244,0.22985475,7444.543741822243,116.35273636132479
subImage_46,channel,7140,0,0.12553701,0.65876186,0.19219643,0.6787731,7215.620557963848,356.4530679285526
subImage_46,channel,7140,0,0.288091,0.21199171,0.3518546,0.23393708,7292.307051956654,118.84002443403006
subImage_46,channel,7140,0,0.93100864,0.9533651,0.9969329,0.97976434,7598.850091457367,515.1789930462837
subImage_47,channel,7140,533,0.3113427,0.7071888,0.3785537,0.7325107,7304.195337235928,916.6799090206623
subImage_47,channel,7140,533,0.7682471,0.10336717,0.8367513,0.12715174,7521.989621520042,594.4332907833159
subImage_47,channel,7140,533,0.1319001,0.1055686,0.1947273,0.13119663,7217.737322032452,596.0979353040457
subImage_47,channel,7140,533,0.0035831088,0.2568681,0.05632257,0.27969378,7154.257551759947,675.9937400966883
subImage_47,channel,7140,533,0.62460923,0.5538806,0.6877383,0.57796746,7452.338712453842,834.63750192523
subImage_47,channel,7140,533,0.47219408,0.8570609,0.53821653,0.88112867,7380.477724432945,996.2275225520134
subImage_47,channel,7140,533,0.28751025,0.10309366,0.35814252,0.12887882,7293.66535949707,594.8206654749811
subImage_47,channel,7140,533,0.7711528,0.40240613,0.84551555,0.43121976,7524.7670657634735,755.1612977832556
subImage_47,channel,7140,533,0.4493118,0.40569863,0.52553505,0.42914003,7372.013547897339,755.4845025092363
subImage_47,channel,7140,533,0.7867785,0.55277956,0.85195285,0.5731555,7530.018063783646,833.0616981983185
subImage_47,channel,7140,533,0.30857214,0.25576097,0.36887732,0.27692032,7301.232972621918,674.9595628082752
subImage_47,channel,7140,533,0.3154399,0.8574528,0.3843601,0.88074696,7306.552403450012,996.2302388250828
subImage_47,channel,7140,533,0.14953978,0.7103655,0.21631669,0.7361599,7227.07383954525,918.4990177452564
subImage_47,channel,7140,533,0.13214205,0.4096829,0.19603436,0.4315406,7218.105985343456,757.1860649138689
subImage_47,channel,7140,533,0.628619,0.2549052,0.6868409,0.27512574,7453.0794578790665,674.2532444447279
subImage_47,channel,7140,533,0.47018552,0.55599546,0.5274099,0.57652795,7377.427712202072,834.8174907565117
subImage_47,channel,7140,533,0.45488945,0.25466946,0.5278998,0.27815285,7373.903841078281,674.9971458613873
subImage_47,channel,7140,533,0.63568133,0.85467345,0.7023264,0.87935877,7458.445844054222,995.1195849478245
subImage_47,channel,7140,533,0.44687614,0.10564687,0.50893974,0.12509266,7367.484179794788,594.492083799094
subImage_47,channel,7140,533,0.6108295,0.10432151,0.6700226,0.1253037,7444.842794895172,594.195118509233
subImage_47,channel,7140,533,0.0049451226,0.70925575,0.058361933,0.7352609,7155.067079154775,917.9636895656586
subImage_47,channel,7140,533,0.7967355,0.7044218,0.8588015,0.72911096,7534.017808198929,915.0364843904972
subImage_47,channel,7140,533,0.46932393,0.7082881,0.5330296,0.73012525,7378.560144662857,916.3371503055096
subImage_47,channel,7140,533,0.30936658,0.5574757,0.3689988,0.57889587,7301.450960338116,835.8430188596249
subImage_47,channel,7140,533,0.2933153,0.4060593,0.35053158,0.43131605,7293.235554933548,756.1605288684368
subImage_47,channel,7140,533,0.7848985,0.25197825,0.8503509,0.27351612,7529.189365744591,673.0442487746477
subImage_47,channel,7140,533,0.14281584,0.25700936,0.20502886,0.27895716,7222.787039786577,675.8350763916969
subImage_47,channel,7140,533,0.0043900935,0.8585458,0.061587654,0.8822432,7155.702703917399,996.9202674925327
subImage_47,channel,7140,533,0.94607264,0.8534231,0.998443,0.8766663,7602.7947236299515,994.0688320398331
subImage_47,channel,7140,533,0.15059349,0.5587608,0.20892797,0.577459,7225.566108316183,835.802576571703
subImage_47,channel,7140,533,0.6275369,0.70720166,0.69265246,0.7314402,7454.205066919327,916.3980520069599
subImage_47,channel,7140,533,0.92113996,0.09973305,0.98938847,0.12240659,7594.705764293671,592.2002125121653
subImage_47,channel,7140,533,0.14856711,0.85915947,0.22063358,0.88424814,7227.869764596224,997.6181272864342
subImage_47,channel,7140,533,0.006048217,0.40689242,0.041788135,0.43212622,7151.385051698424,756.5984683334827
subImage_47,channel,7140,533,0.7922153,0.8532067,0.8578848,0.8758005,7532.723826646805,993.7804146707058
subImage_47,channel,7140,533,0.940551,0.7040889,0.9997083,0.7281778,7601.7817081213,914.6990787982941
subImage_47,channel,7140,533,0.006738534,0.10588391,0.041020483,0.13062139,7151.366646040231,596.0286623984575
subImage_49,channel,7616,0,0.22932905,0.20240256,0.30897588,0.22793771,7744.116572141647,114.68568333238363
subImage_49,channel,7616,0,0.40241933,0.80198103,0.4715196,0.82583785,7823.997462511063,433.8137321770191
subImage_49,channel,7616,0,0.7141697,0.19986166,0.79372466,0.22675721,7974.878852248192,113.69392994046211
subImage_49,channel,7616,0,0.3736572,0.35266113,0.44439617,0.38179114,7810.696700811386,195.73153193295002
subImage_49,channel,7616,0,0.71907026,0.801205,0.7918256,0.824064,7975.593211889267,433.1341873705387
subImage_49,channel,7616,0,0.7246453,0.9473215,0.79568636,0.97305936,7977.838940024376,511.78149139881134
subImage_49,channel,7616,0,0.8731465,0.6492213,0.9391784,0.6706355,8047.333321809769,351.74184319376945
subImage_49,channel,7616,0,0.09481699,0.95237255,0.16611278,0.9755805,7678.10128544271,513.799491673708
subImage_49,channel,7616,0,0.22221273,0.055014182,0.30271873,0.08006107,7740.9336876273155,35.99755479209125
subImage_49,channel,7616,0,0.24124041,0.9506645,0.31240147,0.97337544,7747.766768753529,512.7566493153572
subImage_49,channel,7616,0,0.39700398,0.6521877,0.46098226,0.67232114,7820.200725495815,352.98160740733147
subImage_49,channel,7616,0,0.21543686,0.3519837,0.2859901,0.37833536,7735.339614123106,194.63002760708332
subImage_49,channel,7616,0,0.228777,0.5006634,0.2964201,0.52735806,7740.996910661459,273.96771770715714
subImage_49,channel,7616,0,0.067269735,0.50425535,0.14041784,0.5295453,7665.4296438246965,275.50787630677223
subImage_49,channel,7616,0,0.23334822,0.651399,0.31077623,0.6746129,7745.50162011385,353.3821703195572
subImage_49,channel,7616,0,0.7173569,0.65020424,0.78469044,0.6701282,7973.487271666527,351.86860260367393
subImage_49,channel,7616,0,0.5641503,0.8001191,0.63731813,0.8234169,7901.949481129646,432.67234152555466
subImage_49,channel,7616,0,0.07730268,0.65212065,0.15218166,0.6748592,7670.617271631956,353.6401368379593
subImage_49,channel,7616,0,0.39192384,0.20271602,0.4645334,0.22737332,7819.836821556091,114.61880900710821
subImage_49,channel,7616,0,0.38845044,0.5011553,0.45241588,0.5244215,7816.126185894012,273.3162251710892
subImage_49,channel,7616,0,0.38123006,0.05296586,0.45945618,0.07753201,7816.0833231806755,34.777682116255164
subImage_49,channel,7616,0,0.5508219,0.50136733,0.61544675,0.52358645,7893.571937918663,273.15018305182457
subImage_49,channel,7616,0,0.077664785,0.20460193,0.15667175,0.23032697,7671.772094771266,115.90855026245117
subImage_49,channel,7616,0,0.6958937,0.3502147,0.7721354,0.3744335,7965.390921473503,193.11873933672905
subImage_49,channel,7616,0,0.7093684,0.49853954,0.7749786,0.52457774,7969.274582624435,272.66075353324413
subImage_49,channel,7616,0,0.86999464,0.94786423,0.9510121,0.9730486,8049.399598240852,511.9232776761055
subImage_49,channel,7616,0,0.08323075,0.80555284,0.16281247,0.8248883,7674.558286398649,434.51256093382835
subImage_49,channel,7616,0,0.560214,0.94978535,0.6338124,0.97255075,7900.178285717964,512.3025710582733
subImage_49,channel,7616,0,0.536346,0.35032043,0.6117777,0.37650988,7889.253450393677,193.70027592778206
subImage_49,channel,7616,0,0.55812395,0.65136963,0.6197634,0.6693159,7896.3371822834015,351.96268731355667
subImage_50,channel,7616,533,0.55715054,0.39878017,0.6233851,0.42353758,7896.967476248741,752.1476801782846
subImage_50,channel,7616,533,0.7204586,0.09546054,0.7858287,0.11893095,7974.496386051178,590.1353326998651
subImage_50,channel,7616,533,0.25481382,0.70314896,0.32636464,0.7278786,7754.3204726576805,914.3688371777534
subImage_50,channel,7616,533,0.58547384,0.7007875,0.64802045,0.72469044,7909.571639060974,912.8898662030697
subImage_50,channel,7616,533,0.7406994,0.5485312,0.7998462,0.56977105,7982.64984869957,831.0275432467461
subImage_50,channel,7616,533,0.71947676,0.3965781,0.7942214,0.42444873,7976.260162234306,751.8036506921053
subImage_50,channel,7616,533,0.4262707,0.8530031,0.496654,0.8752232,7835.656077980995,993.5723100304604
subImage_50,channel,7616,533,0.8681773,0.09506922,0.9419731,0.12220336,8046.815791606903,590.9031424820423
subImage_50,channel,7616,533,0.73969024,0.6994538,0.80565846,0.72343844,7983.792991518974,912.2007747292519
subImage_50,channel,7616,533,0.57707393,0.54783285,0.6404035,0.57143694,7905.759630918503,831.2853985726833
subImage_50,channel,7616,533,0.88570344,0.24404548,0.95403534,0.27090284,8053.857831120491,670.2337281778455
subImage_50,channel,7616,533,0.23374085,0.098733276,0.30721888,0.12386135,7744.748415917158,592.3214678950608
subImage_50,channel,7616,533,0.2414677,0.4008814,0.30743614,0.42366812,7746.639113396406,752.7424486726522
subImage_50,channel,7616,533,0.7394022,0.24615532,0.80006784,0.2685849,7982.393864035606,670.1782709360123
subImage_50,channel,7616,533,0.743344,0.8503483,0.8196756,0.8743999,7987.99867272377,992.6453937590122
subImage_50,channel,7616,533,0.2605951,0.8538415,0.3303849,0.87587136,7756.653245508671,993.9684728980064
subImage_50,channel,7616,533,0.5763657,0.24753034,0.64235216,0.26847458,7906.054853796959,670.5153111815453
subImage_50,channel,7616,533,0.55526197,0.09952634,0.62607604,0.11974184,7897.158446907997,591.4349700845778
subImage_50,channel,7616,533,0.583418,0.85061294,0.6598191,0.87452215,7911.89043879509,992.7485009431839
subImage_50,channel,7616,533,0.41704315,0.70215577,0.49019817,0.72348017,7831.9234328866005,912.931976377964
subImage_50,channel,7616,533,0.08623626,0.09907881,0.15604955,0.12257114,7673.664022877812,592.0697122700512
subImage_50,channel,7616,533,0.09201035,0.70177794,0.17958562,0.72720677,7680.639840811491,913.8244229853153
subImage_50,channel,7616,533,0.4209581,0.5507859,0.48908728,0.57117987,7832.590801715851,832.0038766264915
subImage_50,channel,7616,533,0.0743898,0.40273306,0.15627724,0.42652112,7670.898755460978,753.9962390214205
subImage_50,channel,7616,533,0.09958444,0.8548376,0.178424,0.8773729,7682.166008397937,994.6341027617455
subImage_50,channel,7616,533,0.89525485,0.8513643,0.9577121,0.870855,8057.0061374902725,991.9714403450489
subImage_50,channel,7616,533,0.8780009,0.5480944,0.95805484,0.5708285,8052.981269836426,831.1929499804974
