SubImage Number,Class Name,RelativeOriginX2Absolute,RelativeOriginY2Absolute,Ymin,Xmin,Ymax,Xmax,cX,cY
,,,,,,,,,
subImage_1,lightHole,0,0,0.07611198,0.95729023,0.120660864,0.9796677,25.2853104,722.4853173
subImage_1,darkHole,0,0,0.532635,0.85620654,0.5706802,0.8791339,141.7759999,647.2819753
subImage_1,lightHole,0,0,0.5329436,0.7604901,0.5693439,0.77890974,141.6439477,574.1961486
subImage_1,darkHole,0,0,0.3834503,0.85913545,0.41966313,0.8781651,103.2000758,648.0131144
subImage_1,darkHole,0,0,0.37749022,0.66094595,0.4172847,0.68465966,102.1285772,501.9108932
subImage_1,darkHole,0,0,0.53364676,0.6573104,0.56914735,0.6842081,141.7090432,500.3864084
subImage_1,darkHole,0,0,0.3755382,0.61236274,0.40936407,0.6334477,100.8599423,464.6872975
subImage_1,lightHole,0,0,0.07211296,0.5669479,0.11304768,0.5901368,23.7931428,431.5925944
subImage_1,lightHole,0,0,0.22343898,0.7617957,0.25426468,0.7839082,61.3849204,576.5475502
subImage_1,lightHole,0,0,0.22692013,0.8585404,0.26601568,0.8849902,63.34225114,650.3369254
subImage_1,lightHole,0,0,0.07158924,0.61531705,0.117740534,0.6382746,24.32887585,467.5896879
subImage_1,lightHole,0,0,0.53771687,0.9568292,0.57126796,0.977403,142.5045504,721.4686014
subImage_1,lightHole,0,0,0.079872824,0.8106489,0.12003113,0.83334225,25.68765854,613.2087073
subImage_1,lightHole,0,0,0.2241126,0.71176386,0.25965053,0.73445874,62.16356201,539.441031
subImage_1,darkHole,0,0,0.53171074,0.70772207,0.5730596,0.7335548,141.9629916,537.5962644
subImage_1,lightHole,0,0,0.23234352,0.95398843,0.27769285,0.9805875,65.53967471,721.5968164
subImage_1,darkHole,0,0,0.83449185,0.7555027,0.8645854,0.7744947,218.3314264,570.6890333
subImage_1,lightHole,0,0,0.075923406,0.7619313,0.111997604,0.7858911,24.14784978,577.3377611
subImage_1,darkHole,0,0,0.38195157,0.759071,0.41427952,0.7830023,102.3156952,575.1933444
subImage_1,darkHole,0,0,0.2321557,0.90601337,0.2634859,0.93296725,63.68994612,685.9397694
subImage_1,darkHole,0,0,0.8171323,0.7084475,0.86522484,0.729139,216.1828915,536.2197594
subImage_1,lightHole,0,0,0.0719507,0.66458595,0.11524858,0.6847952,24.05510744,503.3191685
subImage_1,darkHole,0,0,0.5225504,0.5645583,0.5597184,0.58576506,139.0715375,429.0706248
subImage_1,lightHole,0,0,0.22347935,0.66444224,0.24889539,0.68602616,60.70015374,503.7247121
subImage_1,darkHole,0,0,0.83525825,0.6573645,0.8667916,0.67817414,218.7134059,498.1559074
subImage_1,lightHole,0,0,0.2212659,0.61640096,0.25056094,0.63671607,60.62974849,467.4126503
subImage_1,darkHole,0,0,0.38152015,0.8088807,0.41143844,0.8320753,101.8951785,612.0765823
subImage_1,darkHole,0,0,0.8348122,0.6115541,0.8657026,0.6302188,218.5161586,463.181288
subImage_1,darkHole,0,0,0.68100715,0.7576972,0.7199706,0.7815093,180.0256384,574.1240263
subImage_1,darkHole,0,0,0.6768727,0.5640485,0.7115946,0.58810675,178.4180419,429.7539195
subImage_1,halfHole,0,0,0.8451859,0.85719156,0.8707452,0.8762027,220.4971409,646.5560609
subImage_1,halfHole,0,0,0.84442514,0.90388376,0.8732334,0.9244578,220.7191198,681.9713958
subImage_1,darkHole,0,0,0.37733454,0.7112849,0.40807977,0.7338893,100.9257386,539.0499608
subImage_1,halfHole,0,0,0.22194283,0.56386065,0.26282722,0.5942202,62.29295074,431.9641667
subImage_1,darkHole,0,0,0.3791868,0.954478,0.41352922,0.97585124,101.8640094,720.0128152
subImage_1,darkHole,0,0,0.53456503,0.80742455,0.5777763,0.83283025,142.9358627,611.8150387
subImage_1,darkHole,0,0,0.83825105,0.80532306,0.87211174,0.8278986,219.7816188,609.1916888
subImage_1,darkHole,0,0,0.38278094,0.90595806,0.41890648,0.9279018,103.0168334,684.0297281
subImage_1,lightHole,0,0,0.6910008,0.9076572,0.72126,0.928193,181.4755167,684.7721168
subImage_1,lightHole,0,0,0.5318071,0.6148434,0.5630387,0.6303947,140.6876893,464.4738207
subImage_1,lightHole,0,0,0.072563976,0.8614159,0.11524963,0.8838056,24.13404791,650.9676179
subImage_1,halfHole,0,0,0.6838488,0.6624157,0.7142615,0.68530804,179.6571698,502.7009485
subImage_2,lightHole,0,746,0.23604645,0.39593872,0.27553162,0.41874817,65.73778176,1049.878212
subImage_2,lightHole,0,746,0.23733246,0.4963387,0.27510697,0.518303,65.84846672,1124.461344
subImage_2,lightHole,0,746,0.24075086,0.6386838,0.27857757,0.6656054,66.73370329,1232.49988
subImage_2,lightHole,0,746,0.23427607,0.19929296,0.27032772,0.22189642,64.84158679,903.1036397
subImage_2,lightHole,0,746,0.23391399,0.051756732,0.26985073,0.07397431,64.73376636,792.8976792
subImage_2,lightHole,0,746,0.23462072,0.004832234,0.272942,0.027236719,65.22181039,757.9617194
subImage_2,lightHole,0,746,0.54965824,0.68866104,0.5897975,0.71166795,146.420062,1268.322715
subImage_2,lightHole,0,746,0.08922521,0.886938,0.1313384,0.9112821,28.34242425,1416.736097
subImage_2,darkHole,0,746,0.6881406,0.39599562,0.73198336,0.41734013,182.4859256,1049.374233
subImage_2,lightHole,0,746,0.23955366,0.6906023,0.2753279,0.71252334,66.16227934,1269.365865
subImage_2,lightHole,0,746,0.23091848,0.29795772,0.26831895,0.3212591,64.15201015,976.9678774
subImage_2,lightHole,0,746,0.23314601,0.59305704,0.27321804,0.61749595,65.06778011,1197.536265
subImage_2,lightHole,0,746,0.08067755,0.25169593,0.11671453,0.27265662,25.3648818,941.5835013
subImage_2,lightHole,0,746,0.23669556,0.24952531,0.270129,0.27231413,65.12695506,940.6461111
subImage_2,lightHole,0,746,0.08698104,0.6923781,0.12243467,0.7162298,26.90991892,1271.410747
subImage_2,lightHole,0,746,0.23282525,0.10069319,0.27040535,0.1270962,64.6651323,830.9654442
subImage_2,lightHole,0,746,0.23748466,0.54329485,0.27563277,0.56673825,65.93559009,1160.042344
subImage_2,darkHole,0,746,0.6958354,0.003545837,0.7324563,0.027935455,183.5354883,757.7425216
subImage_2,darkHole,0,746,0.3735444,0.24734206,0.42813274,0.26984763,103.0155122,938.9117568
subImage_2,lightHole,0,746,0.23094872,0.34675416,0.2734078,0.36988518,64.8098107,1013.306474
subImage_2,lightHole,0,746,0.07368078,0.102199554,0.11869034,0.12497639,24.71968925,830.7366269
subImage_2,darkHole,0,746,0.3848094,0.44299388,0.4313319,0.46542445,104.874158,1084.840036
subImage_2,lightHole,0,746,0.23996443,0.8896148,0.27492338,0.9095572,66.16308355,1417.091172
subImage_2,lightHole,0,746,0.08054845,0.05351882,0.1162992,0.075575314,25.29492269,794.1521124
subImage_2,lightHole,0,746,0.24107651,0.7386331,0.27750763,0.76409274,66.6380629,1306.516738
subImage_2,darkHole,0,746,0.69996214,0.49244726,0.7332885,0.5162505,184.1727105,1122.24426
subImage_2,darkHole,0,746,0.3857339,0.098949015,0.42516777,0.12494393,104.2008648,829.5120674
subImage_2,lightHole,0,746,0.07839003,0.005842718,0.11565658,0.025962975,24.93498927,757.8635236
subImage_2,lightHole,0,746,0.09180402,0.93656373,0.13158402,0.9608743,28.70536296,1453.744392
subImage_2,lightHole,0,746,0.07627454,0.49301836,0.12310474,0.51916265,25.62023751,1123.543518
subImage_2,darkHole,0,746,0.6990285,0.8356106,0.73386717,0.8573962,184.1270924,1377.491541
subImage_2,lightHole,0,746,0.08592468,0.8366069,0.12411489,0.8631551,26.99008486,1380.011243
subImage_2,lightHole,0,746,0.24021295,0.44549263,0.2749267,0.46777973,66.19544366,1086.650587
subImage_2,lightHole,0,746,0.2344348,0.15081534,0.27301762,0.17300919,65.20763513,866.7865478
subImage_2,lightHole,0,746,0.08455596,0.44678837,0.120617196,0.4711502,26.36475069,1088.391083
subImage_2,lightHole,0,746,0.08173031,0.20112483,0.11954599,0.22353947,25.86400485,904.3997853
subImage_2,lightHole,0,746,0.24392785,0.9345301,0.27564782,0.9584097,66.76547364,1452.066548
subImage_2,lightHole,0,746,0.39913106,0.6905421,0.42953092,0.7107874,106.4830642,1268.69591
subImage_2,darkHole,0,746,0.5395549,0.24773063,0.5764709,0.26545823,143.409316,937.4194425
subImage_2,darkHole,0,746,0.5424952,0.14916655,0.5775187,0.17076908,143.9217852,865.3359918
subImage_2,lightHole,0,746,0.08202821,0.6427813,0.11980632,0.66705173,25.93573706,1234.567728
subImage_2,lightHole,0,746,0.08391818,0.29884234,0.12621062,0.32319298,27.00154972,978.0191761
subImage_2,lightHole,0,746,0.08619708,0.54534644,0.12859467,0.5690717,27.60073923,1161.67797
subImage_2,darkHole,0,746,0.3967454,0.7877196,0.42964077,0.80896735,106.1906246,1341.564236
subImage_2,darkHole,0,746,0.39146316,0.54106814,0.42645168,0.5645737,105.1020574,1158.404407
subImage_2,darkHole,0,746,0.3838433,0.3931373,0.4234835,0.41697392,103.741493,1048.171487
subImage_2,darkHole,0,746,0.704761,0.8851993,0.7376119,0.91145396,185.34492,1416.15167
subImage_2,darkHole,0,746,0.5380984,0.34188396,0.5737353,0.3645382,142.8706294,1009.495462
subImage_2,lightHole,0,746,0.087655336,0.78889877,0.12529722,0.8121206,27.36440322,1343.18023
subImage_2,lightHole,0,746,0.39472204,0.4941147,0.42775625,0.5159673,105.6884608,1122.760588
subImage_2,lightHole,0,746,0.24087359,0.837245,0.2724165,0.8619436,65.95777687,1379.797344
subImage_2,darkHole,0,746,0.84620667,0.53931206,0.8814687,0.56146574,222.0062861,1156.590121
subImage_2,lightHole,0,746,0.2462465,0.98615533,0.27786407,1,67.34820832,1486.835939
subImage_2,darkHole,0,746,0.3966075,0.8359005,0.4360196,0.859463,106.9925808,1378.370571
subImage_2,lightHole,0,746,0.0860275,0.5941036,0.120881416,0.61647075,26.58779608,1197.544225
subImage_2,darkHole,0,746,0.38439065,0.05097644,0.4167196,0.07233754,102.9426656,791.9961139
subImage_2,darkHole,0,746,0.55087525,0.97962564,0.62334985,1,150.8879243,1484.400365
subImage_2,darkHole,0,746,0.54062694,0.0985691,0.5715532,0.12067672,142.9151446,827.7786913
subImage_2,darkHole,0,746,0.6915702,0.6413972,0.7368236,0.66218066,183.5486085,1232.234534
subImage_2,darkHole,0,746,0.3975901,0.7370365,0.43803102,0.76044583,107.3773137,1304.56092
subImage_2,darkHole,0,746,0.5470972,0.8347907,0.58022845,0.8599124,144.8613465,1378.124257
subImage_2,darkHole,0,746,0.69622874,0.44425437,0.73553175,0.46665898,183.981223,1085.770679
subImage_2,darkHole,0,746,0.7006323,0.59152347,0.7424202,0.6131385,185.4322425,1195.338913
subImage_2,darkHole,0,746,0.6920222,0.29539427,0.726951,0.3199541,182.3380572,975.5249416
subImage_2,darkHole,0,746,0.5389396,0.04926107,0.571666,0.07149686,142.7128193,791.0427079
subImage_2,darkHole,0,746,0.6920436,0.54246074,0.73425215,0.56522226,183.2790048,1159.16576
subImage_2,darkHole,0,746,0.5431414,0.48875982,0.57404965,0.51362056,143.5590533,1119.887878
subImage_2,lightHole,0,746,0.079660624,0.15215397,0.11608116,0.17512095,25.1528197,868.0735446
subImage_2,darkHole,0,746,0.5468955,0.44408086,0.57515854,0.46577996,144.1839442,1085.378086
subImage_2,darkHole,0,746,0.537109,0.19750212,0.57195073,0.22232932,142.514178,902.5971271
subImage_2,lightHole,0,746,0.39893168,0.5924224,0.4375238,0.61287177,107.484531,1195.574734
subImage_2,lightHole,0,746,0.08159513,0.39911562,0.117853425,0.42006132,25.62913941,1051.552999
subImage_2,darkHole,0,746,0.5455776,0.3919038,0.5753726,0.41648272,144.0420959,1047.528166
subImage_2,darkHole,0,746,0.24111542,0.78828096,0.27601752,0.81078136,66.45158252,1342.450247
subImage_2,darkHole,0,746,0.55035,0.8841204,0.5847982,0.90725106,145.8665472,1414.181556
subImage_2,darkHole,0,746,0.6997383,0.7348483,0.7578447,0.767388,187.2994168,1306.334142
subImage_2,darkHole,0,746,0.54009306,0.001825349,0.5670513,0.022897331,142.2680497,755.2215598
subImage_2,darkHole,0,746,0.83597004,0.049724482,0.8713351,0.06848233,219.3887096,790.0911416
subImage_2,darkHole,0,746,0.69431686,0.3471352,0.7312049,0.3708398,183.1795501,1013.804671
subImage_2,darkHole,0,746,0.68874604,0.101159945,0.72975343,0.12408519,182.2771819,830.0164346
subImage_2,lightHole,0,746,0.09337297,0.98614585,0.13348418,0.9997894,29.15114449,1486.753856
subImage_2,darkHole,0,746,0.54204595,0.29792085,0.57093185,0.3178553,143.0176477,975.6845045
subImage_2,darkHole,0,746,0.84781414,0.6340664,0.89235294,0.65734774,223.61147,1227.697475
subImage_2,lightHole,0,746,0.39628056,0.6417887,0.42849493,0.66185766,105.9836501,1232.260102
subImage_2,darkHole,0,746,0.38643548,0.006004128,0.41384983,0.024897378,102.8366623,757.5262618
subImage_2,darkHole,0,746,0.6979614,0.6886223,0.7306148,0.7103051,183.572038,1267.799917
subImage_2,darkHole,0,746,0.38419098,0.14884545,0.42284924,0.1707672,103.7046676,865.2155192
subImage_2,darkHole,0,746,0.40102497,0.9339005,0.44235522,0.9555276,108.3743535,1450.756674
subImage_2,halfHole,0,746,0.3889527,0.19980977,0.42475963,0.22335605,104.5620342,903.8408538
subImage_2,halfHole,0,746,0.69323444,0.7396965,0.7779553,0.7649431,189.0478812,1307.23058
subImage_2,darkHole,0,746,0.83801085,0.1947606,0.8824091,0.21814194,221.0739627,900.0126507
subImage_2,darkHole,0,746,0.6947491,0.14981943,0.7305019,0.17175768,183.1447544,865.9482646
subImage_2,darkHole,0,746,0.38710934,0.34314635,0.431562,0.36810207,105.1992679,1011.295664
subImage_2,darkHole,0,746,0.54733753,0.7825957,0.5791802,0.8047149,144.7575261,1338.066858
subImage_2,darkHole,0,746,0.84698045,0.4896031,0.8842212,0.5114671,222.4594119,1119.399185
subImage_2,darkHole,0,746,0.70081705,0.7833572,0.7440634,0.8094868,185.6671347,1340.130816
subImage_2,darkHole,0,746,0.8500187,0.8816151,0.8831948,0.90134716,222.7179327,1411.044924
subImage_2,darkHole,0,746,0.7010769,0.9822946,0.74174,1,185.4019733,1485.395893
subImage_3,lightHole,0,1492,0.09910719,0.37741315,0.13604598,0.40004846,30.21718214,1781.993184
subImage_3,lightHole,0,1492,0.107142046,0.9658829,0.14275602,0.98773366,32.11190086,2220.698977
subImage_3,lightHole,0,1492,0.25743255,0.86815083,0.2976446,0.8916239,71.32741192,2148.39598
subImage_3,lightHole,0,1492,0.2625397,0.96737295,0.2985807,0.98705417,72.10397406,2221.001317
subImage_3,lightHole,0,1492,0.24737898,0.47399223,0.2861882,0.49833518,68.56338011,1854.678124
subImage_3,darkHole,0,1492,0.56022495,0.7630892,0.59973395,0.7914184,149.0547185,2071.831317
subImage_3,lightHole,0,1492,0.25250515,0.52334034,0.2940797,0.54597956,70.23615253,1890.856324
subImage_3,lightHole,0,1492,0.2547771,0.77177405,0.29031283,0.7930674,70.04405604,2075.685861
subImage_3,lightHole,0,1492,0.10315206,0.6221288,0.14371076,0.6472101,31.72187253,1965.463412
subImage_3,lightHole,0,1492,0.2476144,0.42584223,0.28721616,0.44819134,68.72572636,1818.014522
subImage_3,lightHole,0,1492,0.24861059,0.57253826,0.2892209,0.5954006,69.11134586,1927.641183
subImage_3,lightHole,0,1492,0.25394368,0.72090024,0.30167073,0.74320567,71.39645192,2038.111502
subImage_3,lightHole,0,1492,0.10069468,0.4748139,0.1429681,0.49847835,31.31066749,1855.038013
subImage_3,lightHole,0,1492,0.55767334,0.47210383,0.5953795,0.49387503,148.1672857,1852.310115
subImage_3,lightHole,0,1492,0.096682705,0.13052917,0.13494785,0.15383366,29.76452648,1598.067333
subImage_3,darkHole,0,1492,0.86444753,0.66688544,0.89828116,0.6851946,226.5106368,1996.325858
subImage_3,darkHole,0,1492,0.39765713,0.17944668,0.43772218,0.1973993,107.3462404,1632.563553
subImage_3,lightHole,0,1492,0.100910105,0.67165977,0.14377838,0.6968535,31.44247078,2002.455456
subImage_3,lightHole,0,1492,0.25082994,0.37771055,0.2860163,0.39971828,68.98473933,1781.980956
subImage_3,darkHole,0,1492,0.85151476,0.22271255,0.8961713,0.24565057,224.5776547,1666.699444
subImage_3,darkHole,0,1492,0.4035654,0.475444,0.44469193,0.49475178,109.0010673,1853.883022
subImage_3,darkHole,0,1492,0.72107226,0.91481686,0.7544236,0.9376671,189.6012199,2182.976505
subImage_3,lightHole,0,1492,0.09253544,0.081195585,0.13365823,0.10562015,29.0658871,1561.682271
subImage_3,darkHole,0,1492,0.7141398,0.5710782,0.74997824,0.5965407,188.1391712,1927.521839
subImage_3,darkHole,0,1492,0.85665977,0.6172101,0.89689493,0.63873947,225.3317792,1960.469185
subImage_3,darkHole,0,1492,0.8474947,0.4665497,0.89443445,0.48913652,223.8378988,1848.470957
subImage_3,darkHole,0,1492,0.4120061,0.9142529,0.4503998,0.9365449,110.8191577,2182.347569
subImage_3,lightHole,0,1492,0.25114956,0.27965692,0.28258467,0.30041346,68.58484884,1708.36625
subImage_3,lightHole,0,1492,0.09280041,0.032295994,0.1433153,0.059469476,30.3408686,1526.228521
subImage_3,darkHole,0,1492,0.55793965,0.27398667,0.5989948,0.2977158,148.6660756,1705.245025
subImage_3,darkHole,0,1492,0.5629459,0.8657184,0.5987373,0.8870239,149.2762914,2145.772897
subImage_3,darkHole,0,1492,0.85721326,0.32213545,0.8929172,0.34392372,224.891766,1740.440069
subImage_3,darkHole,0,1492,0.85586315,0.42058393,0.90030915,0.4420261,225.6681405,1813.753546
subImage_3,darkHole,0,1492,0.7003658,0.17713042,0.73696786,0.20019895,184.6973732,1632.743853
subImage_3,darkHole,0,1492,0.7068283,0.22935735,0.7405478,0.24914968,185.9878253,1670.483121
subImage_3,lightHole,0,1492,0.24650331,0.3264567,0.28122604,0.34981385,67.81322113,1744.248913
subImage_3,darkHole,0,1492,0.3996512,0.07962911,0.4388781,0.102322295,107.7510136,1559.867874
subImage_3,lightHole,0,1492,0.100822724,0.57280284,0.14692913,0.59922624,31.83611329,1929.166846
subImage_3,darkHole,0,1492,0.4015123,0.12886895,0.43816036,0.15008391,107.8979362,1596.049419
subImage_3,lightHole,0,1492,0.253132,0.6225494,0.28276882,0.6459034,68.86325298,1965.132903
subImage_3,lightHole,0,1492,0.09470448,0.22934493,0.13340285,0.2521538,29.31179231,1671.599033
subImage_3,darkHole,0,1492,0.5615943,0.5692683,0.6027415,0.5927064,149.6171487,1925.416551
subImage_3,lightHole,0,1492,0.24669704,0.1785858,0.28609934,0.20252259,68.4643352,1634.153429
subImage_3,lightHole,0,1492,0.24671848,0.23037618,0.27636713,0.2516866,67.21650077,1671.809419
subImage_3,lightHole,0,1492,0.106031306,0.7710061,0.14770164,0.79484916,32.60468305,2076.064014
subImage_3,darkHole,0,1492,0.5599571,0.7167199,0.59969586,0.7394887,149.0154039,2035.165825
subImage_3,darkHole,0,1492,0.71715474,0.769606,0.7573301,0.7899041,189.4713046,2073.697272
subImage_3,darkHole,0,1492,0.5537761,0.078494176,0.5881469,0.09932061,146.7371068,1558.324916
subImage_3,lightHole,0,1492,0.55910134,0.6201026,0.59477574,0.6403511,148.2732047,1962.14923
subImage_3,darkHole,0,1492,0.40659007,0.5222159,0.4365505,0.5461796,108.3435635,1890.51152
subImage_3,darkHole,0,1492,0.7071182,0.37212273,0.74454033,0.3974,186.5381233,1779.031977
subImage_3,darkHole,0,1492,0.86157686,0.3716165,0.8986816,0.39244756,226.1932091,1776.995899
subImage_3,lightHole,0,1492,0.10551519,0.8197742,0.14234167,0.84189844,31.84960688,2111.803899
subImage_3,lightHole,0,1492,0.10488353,0.7212849,0.14565197,0.74492985,32.19381118,2038.898111
subImage_3,lightHole,0,1492,0.09705356,0.18024504,0.14127871,0.20374098,30.6256969,1635.226788
subImage_3,darkHole,0,1492,0.8670971,0.7658659,0.8988604,0.78606147,226.9255355,2070.868916
subImage_3,lightHole,0,1492,0.24372593,0.08070511,0.27812,0.10496112,67.05720288,1561.253505
subImage_3,darkHole,0,1492,0.8654858,0.8156218,0.905108,0.83830947,227.5212985,2108.91636
subImage_3,darkHole,0,1492,0.39963087,0.22778104,0.43758202,0.25025958,107.5818564,1670.309152
subImage_3,darkHole,0,1492,0.40709934,0.7188543,0.44837496,0.74242276,109.9284467,2037.056346
subImage_3,darkHole,0,1492,0.86275446,0.7162463,0.91323537,0.74274844,228.2146932,2036.20504
subImage_3,lightHole,0,1492,0.10446658,0.91806793,0.14349772,0.9419156,31.86341258,2185.773847
subImage_3,lightHole,0,1492,0.10393864,0.52519995,0.14363074,0.5463908,31.81266561,1891.703339
subImage_3,lightHole,0,1492,0.10897971,0.86955625,0.14633349,0.8922572,32.80774559,2149.156421
subImage_3,lightHole,0,1492,0.10142977,0.3284406,0.14018029,0.3509116,31.04689241,1745.398368
subImage_3,darkHole,0,1492,0.5516737,0.42166254,0.60353476,0.4447937,148.4442882,1815.188178
subImage_3,darkHole,0,1492,0.85760796,0.5703675,0.8985489,0.5885197,225.6661567,1924.264928
subImage_3,lightHole,0,1492,0.25782716,0.81803447,0.30499402,0.84420377,72.32252158,2112.014864
subImage_3,darkHole,0,1492,0.4013306,0.3268924,0.4396697,0.346283,108.0685371,1743.094422
subImage_3,darkHole,0,1492,0.5621185,0.9152828,0.59613556,0.93503886,148.8356425,2182.169976
subImage_3,lightHole,0,1492,0.10519491,0.42548358,0.14169164,0.44890183,31.72492185,1818.14576
subImage_3,darkHole,0,1492,0.5568611,0.22471341,0.5942717,0.24739863,147.9205676,1668.097793
subImage_3,darkHole,0,1492,0.8517792,0.028744798,0.88705975,0.04644938,223.4408077,1520.047429
subImage_3,darkHole,0,1492,0.5592711,0.17499806,0.59306467,0.20084277,148.0751455,1632.188629
subImage_3,darkHole,0,1492,0.5657676,0.8164412,0.60668004,0.836958,150.6595194,2108.71789
subImage_3,darkHole,0,1492,0.85378826,0.07764169,0.8904824,0.09727195,224.1387827,1557.242787
subImage_3,darkHole,0,1492,0.41052076,0.768307,0.44165432,0.7915854,109.5044986,2073.839849
subImage_3,lightHole,0,1492,0.410967,0.62083024,0.4503947,0.6421684,110.6849762,1963.098493
subImage_3,lightHole,0,1492,0.71161526,0.4733893,0.74665135,0.49697778,187.3872601,1853.946919
subImage_3,lightHole,0,1492,0.25640592,0.6728481,0.29084685,0.69476056,70.32198149,2002.118033
subImage_3,lightHole,0,1492,0.5552121,0.12954423,0.58676946,0.14959939,146.7446282,1596.120569
subImage_3,darkHole,0,1492,0.40425175,0.2767138,0.44736984,0.2995954,109.4333753,1706.963322
subImage_3,darkHole,0,1492,0.55918145,0.32327253,0.59789646,0.34704402,148.6845112,1742.028072
subImage_3,darkHole,0,1492,0.40490767,0.42526108,0.44508734,0.44874388,109.2243597,1818.00385
subImage_3,lightHole,0,1492,0.55755365,0.3738505,0.59463704,0.39529133,148.0565031,1778.8899
subImage_3,darkHole,0,1492,0.71008104,0.6224144,0.74733824,0.64370394,187.278377,1964.262144
subImage_3,darkHole,0,1492,0.4136964,0.86759305,0.4530546,0.8884741,111.3775055,2147.013049
subImage_3,darkHole,0,1492,0.56313694,0.9634791,0.5962452,0.9801021,148.9806081,2216.955796
subImage_3,darkHole,0,1492,0.25124207,0.916375,0.28822103,0.940125,69.32100871,2184.474489
subImage_3,halfHole,0,1492,0.70571285,0.12978849,0.738662,0.15306132,185.6021694,1597.502977
subImage_3,halfHole,0,1492,0.7038625,0.08159891,0.7364004,0.10225197,185.0737844,1560.576377
subImage_3,darkHole,0,1492,0.5638463,0.6670565,0.6024307,0.69231045,149.8665934,1999.043874
subImage_3,darkHole,0,1492,0.561478,0.5218485,0.5989379,0.5431675,149.1134492,1889.250957
subImage_3,halfHole,0,1492,0.7016885,0.03205657,0.7342879,0.0534245,184.5229733,1523.884439
subImage_4,lightHole,0,2238,0.27693105,0.95204324,0.3111937,0.9747409,75.57403064,2956.690491
subImage_4,lightHole,0,2238,0.12670563,0.7058927,0.15931165,0.7280522,36.75322097,2772.861441
subImage_4,lightHole,0,2238,0.27368134,0.75392365,0.30969337,0.77724546,74.96365009,2809.12608
subImage_4,lightHole,0,2238,0.2679267,0.65353954,0.31031418,0.67669296,74.30395198,2734.176723
subImage_4,lightHole,0,2238,0.27184093,0.8521267,0.3106297,0.87792146,74.84747539,2883.307971
subImage_4,lightHole,0,2238,0.11524884,0.508125,0.15014736,0.5302848,34.10341172,2625.326866
subImage_4,darkHole,0,2238,0.42969692,0.60281754,0.46564013,0.6283253,115.0508103,2697.216271
subImage_4,darkHole,0,2238,0.7295855,0.5079977,0.7740266,0.5283593,193.214155,2624.561156
subImage_4,lightHole,0,2238,0.26427716,0.16485485,0.3021352,0.18350174,72.78398819,2367.937008
subImage_4,darkHole,0,2238,0.42422003,0.40639263,0.45983833,0.4298707,113.6014988,2549.926222
subImage_4,lightHole,0,2238,0.2575276,0.016031787,0.30051556,0.03772658,71.70854504,2258.051871
subImage_4,darkHole,0,2238,0.7285225,0.65331703,0.7701329,0.67727584,192.5772162,2734.311141
subImage_4,lightHole,0,2238,0.12874688,0.80424285,0.16880225,0.82792175,38.23506302,2846.797395
subImage_4,darkHole,0,2238,0.87867457,0.94521344,0.9231279,0.966822,231.5316156,2951.189229
subImage_4,lightHole,0,2238,0.57989186,0.60470754,0.60806125,0.6239851,152.6519752,2696.302359
subImage_4,darkHole,0,2238,0.42337725,0.7046996,0.46616238,0.7269496,114.3058424,2772.005132
subImage_4,darkHole,0,2238,0.56324947,0.05862733,0.6003309,0.08049623,149.520076,2289.893088
subImage_4,darkHole,0,2238,0.72410655,0.40731734,0.7682168,0.43076786,191.7635491,2550.605781
subImage_4,lightHole,0,2238,0.27330723,0.80278873,0.31155193,0.8273611,75.15440239,2846.045891
subImage_4,lightHole,0,2238,0.2713384,0.5568457,0.30326667,0.5785058,73.83675246,2661.486124
subImage_4,darkHole,0,2238,0.4171855,0.30942854,0.44926086,0.3294375,111.3383555,2476.297032
subImage_4,darkHole,0,2238,0.2616319,0.11100408,0.30401087,0.13741457,72.68509647,2330.660157
subImage_4,darkHole,0,2238,0.4222238,0.50658387,0.45413473,0.5252164,112.6120722,2622.861501
subImage_4,darkHole,0,2238,0.86873597,0.10696655,0.91211426,0.12852237,228.8392548,2325.837365
subImage_4,lightHole,0,2238,0.118331656,0.6060735,0.15685466,0.63047177,35.3614415,2699.231384
subImage_4,darkHole,0,2238,0.8704458,0.05710863,0.9183073,0.08136987,229.8547724,2289.65248
subImage_4,lightHole,0,2238,0.5857562,0.84827137,0.6231337,0.86991924,155.3423524,2878.885098
subImage_4,darkHole,0,2238,0.7277373,0.60499936,0.76345056,0.6287228,191.6176414,2698.178362
subImage_4,lightHole,0,2238,0.58339196,0.7517542,0.6170071,0.7719942,154.2512768,2806.358152
subImage_4,darkHole,0,2238,0.4203537,0.25974533,0.45252535,0.28066885,112.164959,2439.574491
subImage_4,darkHole,0,2238,0.7079211,0.06260067,0.75820684,0.0849896,188.3974393,2293.051172
subImage_4,lightHole,0,2238,0.57093143,0.30761445,0.60263413,0.3305701,150.8031753,2476.042836
subImage_4,lightHole,0,2238,0.117668584,0.6553854,0.15645668,0.67997104,35.22509631,2736.087943
subImage_4,darkHole,0,2238,0.1250072,0.9026489,0.16218965,0.92285866,36.90479456,2918.914328
subImage_4,darkHole,0,2238,0.41746768,0.45646667,0.45543295,0.47736913,112.1677316,2586.320755
subImage_4,lightHole,0,2238,0.27610743,0.9025751,0.31078437,0.92771745,75.41559632,2920.699111
subImage_4,darkHole,0,2238,0.42700192,0.5558668,0.46856034,0.57577634,115.0797506,2660.102882
subImage_4,darkHole,0,2238,0.415615,0.1613743,0.45784542,0.18421939,112.2396629,2366.906447
subImage_4,darkHole,0,2238,0.73204905,0.9013903,0.77704036,0.92268366,193.9179892,2918.379591
subImage_4,darkHole,0,2238,0.7156345,0.2104568,0.7631694,0.23368493,190.0263053,2403.664866
subImage_4,darkHole,0,2238,0.88012934,0.6504861,0.9214245,0.67352605,231.4996691,2731.856536
subImage_4,lightHole,0,2238,0.2643783,0.508063,0.30037338,0.53024703,72.57059148,2625.289649
subImage_4,lightHole,0,2238,0.26411876,0.26152965,0.29799372,0.28376848,72.23145373,2441.396202
subImage_4,darkHole,0,2238,0.88354564,0.6009166,0.9273549,0.6200511,232.7007155,2693.420956
subImage_4,lightHole,0,2238,0.2725874,0.60698307,0.3015863,0.62872,73.78131902,2698.917238
subImage_4,darkHole,0,2238,0.8815024,0.79648966,0.91735286,0.82094216,231.152899,2841.302069
subImage_4,darkHole,0,2238,0.57759887,0.45614633,0.61257964,0.474977,152.937939,2585.308997
subImage_4,lightHole,0,2238,0.264699,0.21172473,0.30632287,0.23525833,73.37631218,2404.724679
subImage_4,darkHole,0,2238,0.43193677,0.95108426,0.4697983,0.9712725,115.8729562,2955.039081
subImage_4,darkHole,0,2238,0.4322254,0.7496534,0.47230822,0.77440554,116.2325708,2806.473984
subImage_4,darkHole,0,2238,0.57018477,0.1588516,0.60154337,0.1812931,150.5670652,2364.873971
subImage_4,lightHole,0,2238,0.57996744,0.70232886,0.62570715,0.72336334,154.9291846,2769.783191
subImage_4,darkHole,0,2238,0.7288724,0.5564253,0.76463413,0.5774243,191.9155918,2660.925886
subImage_4,darkHole,0,2238,0.4244451,0.85227007,0.4659382,0.87305254,114.4142545,2881.545331
subImage_4,darkHole,0,2238,0.7282781,0.7052768,0.76640505,0.7262331,192.0667843,2771.953197
subImage_4,darkHole,0,2238,0.12638934,0.7547078,0.15917519,0.7782176,36.69504171,2809.781184
subImage_4,lightHole,0,2238,0.2649512,0.4088434,0.308857,0.43234476,73.73435283,2551.763185
subImage_4,darkHole,0,2238,0.72211313,0.2588108,0.7587768,0.28053793,190.2943543,2439.177073
subImage_4,lightHole,0,2238,0.26606146,0.31013805,0.30388683,0.333211,73.23835473,2477.969196
subImage_4,darkHole,0,2238,0.88280785,0.7491331,0.9193797,0.76993334,231.5811017,2804.611787
subImage_4,darkHole,0,2238,0.8847718,0.847615,0.91862905,0.86832535,231.7370123,2878.045753
subImage_4,lightHole,0,2238,0.11785599,0.408572,0.1538833,0.43182576,34.9184977,2551.468359
subImage_4,darkHole,0,2238,0.728036,0.45641473,0.76304764,0.47940361,191.6042454,2587.060242
subImage_4,darkHole,0,2238,0.41900083,0.35569313,0.45862067,0.37843582,112.774363,2511.830099
subImage_4,darkHole,0,2238,0.5720553,0.25781807,0.6096742,0.28141692,151.8522402,2439.134653
subImage_4,lightHole,0,2238,0.27035183,0.70547134,0.3005066,0.7274679,73.35530683,2772.486333
subImage_4,darkHole,0,2238,0.56935203,0.013062824,0.608269,0.03596364,151.3242994,2256.286871
subImage_4,darkHole,0,2238,0.72612464,0.3088307,0.7640213,0.33023554,191.4837509,2476.371711
subImage_4,lightHole,0,2238,0.5718984,0.40613312,0.6273924,0.42674223,154.1088693,2548.662502
subImage_4,lightHole,0,2238,0.11664678,0.3121727,0.14957647,0.3336422,34.20968786,2478.888967
subImage_4,lightHole,0,2238,0.26455095,0.06179372,0.30898076,0.087213285,73.69882564,2293.579612
subImage_4,lightHole,0,2238,0.117791876,0.55698204,0.15875867,0.5822211,35.5367452,2662.922768
subImage_4,darkHole,0,2238,0.57000136,0.20644343,0.60195893,0.22917414,150.5968978,2400.485352
subImage_4,darkHole,0,2238,0.5770003,0.35567716,0.6120405,0.37738308,152.7917479,2511.43147
subImage_4,darkHole,0,2238,0.8814025,0.89847547,0.9215099,0.91842353,231.6742452,2915.703328
subImage_4,darkHole,0,2238,0.8685029,0.25607127,0.9013535,0.2778669,227.4265465,2437.158937
subImage_4,darkHole,0,2238,0.7242474,0.01643846,0.7657644,0.03696776,191.4665177,2257.920521
subImage_4,lightHole,0,2238,0.2665656,0.45922065,0.30174148,0.480977,73.02745874,2588.693722
subImage_4,darkHole,0,2238,0.8807834,0.45310882,0.9196095,0.47315365,231.3504833,2583.495901
subImage_4,lightHole,0,2238,0.12825763,0.9539449,0.16748133,0.97703046,38.00245704,2958.253816
subImage_4,lightHole,0,2238,0.12133403,0.457835,0.14893773,0.48156235,34.72992157,2588.395206
subImage_4,darkHole,0,2238,0.4256455,0.90033054,0.4702272,0.9212055,115.1196435,2917.432952
subImage_4,darkHole,0,2238,0.12793897,0.85206884,0.16124006,0.8767161,37.15950498,2882.836775
subImage_4,lightHole,0,2238,0.11383826,0.26187557,0.14864028,0.2851929,33.72849211,2442.056542
subImage_4,lightHole,0,2238,0.5854692,0.8984946,0.62118804,0.91967565,155.0554542,2916.177503
subImage_4,halfHole,0,2238,0.5771292,0.5000003,0.61144567,0.52957666,152.7318683,2622.032205
subImage_4,halfHole,0,2238,0.1180946,0.2121339,0.15387303,0.2370881,34.94784008,2405.559805
subImage_4,halfHole,0,2238,0.5708208,0.11052728,0.6073108,0.13258888,151.3899081,2328.682326
subImage_4,lightHole,0,2238,0.115631424,0.35922426,0.14572567,0.38271636,33.58438624,2514.74385
subImage_4,darkHole,0,2238,0.7332599,0.8028575,0.77132946,0.82671344,193.3397352,2845.829968
subImage_5,darkHole,0,2984,0.741886,0.43895176,0.79100823,0.4688089,196.9769116,3322.594722
subImage_5,lightHole,0,2984,0.2886785,0.44440433,0.3247463,0.4672094,78.8250878,3324.031922
subImage_5,lightHole,0,2984,0.12714137,0.002586061,0.16700338,0.024278386,37.79760033,2994.020439
subImage_5,lightHole,0,2984,0.29109403,0.5920121,0.3304273,0.6160037,79.86549012,3434.589893
subImage_5,lightHole,0,2984,0.28242162,0.09782474,0.31842545,0.11990171,77.20884791,3065.211965
subImage_5,lightHole,0,2984,0.2904744,0.69339687,0.32844996,0.7151239,79.53178275,3509.378243
subImage_5,lightHole,0,2984,0.28947812,0.5430593,0.32811812,0.56664115,79.36111669,3397.918265
subImage_5,darkHole,0,2984,0.75120527,0.9374459,0.7967276,0.9610039,198.9093729,3692.121767
subImage_5,lightHole,0,2984,0.28265914,0.048738338,0.32305074,0.071183614,77.83371966,3028.730888
subImage_5,darkHole,0,2984,0.75422555,0.83879393,0.7906746,0.86237127,198.519673,3618.534619
subImage_5,darkHole,0,2984,0.4544799,0.8408817,0.50770956,0.86564654,123.6413464,3620.535036
subImage_5,lightHole,0,2984,0.12732106,0.050002635,0.16764496,0.07417278,37.90313449,3030.31743
subImage_5,lightHole,0,2984,0.28552103,0.19711588,0.32719147,0.22012284,78.73355657,3139.630045
subImage_5,darkHole,0,2984,0.58520013,0.3426763,0.6382678,0.36235985,157.2156311,3246.978489
subImage_5,darkHole,0,2984,0.44756785,0.5401053,0.48439893,0.5633912,119.7577314,3395.604191
subImage_5,lightHole,0,2984,0.29123035,0.49321058,0.32667616,0.516056,79.40098664,3360.456436
subImage_5,lightHole,0,2984,0.29561186,0.84182566,0.3303047,0.8626571,80.4302793,3619.772082
subImage_5,lightHole,0,2984,0.14557134,0.7929248,0.17892092,0.81491506,41.69725551,3583.724276
subImage_5,lightHole,0,2984,0.285311,0.39594427,0.32372227,0.41728604,78.26077732,3287.334904
subImage_5,lightHole,0,2984,0.28878182,0.29696965,0.32298282,0.3197744,78.61175619,3214.045527
subImage_5,lightHole,0,2984,0.2856285,0.24687403,0.32225177,0.26931494,78.11261399,3176.538489
subImage_5,lightHole,0,2984,0.15218532,0.89223623,0.18290944,0.9134497,43.05967728,3657.520855
subImage_5,lightHole,0,2984,0.15009846,0.84322,0.1833393,0.8657446,42.84675161,3621.443791
subImage_5,darkHole,0,2984,0.5919237,0.3897005,0.63056535,0.41394037,157.0898441,3283.758045
subImage_5,darkHole,0,2984,0.589381,0.29275024,0.62660193,0.3143856,156.2538044,3210.461665
subImage_5,lightHole,0,2984,0.15045187,0.9406925,0.18561862,0.9624659,43.18505833,3693.878071
subImage_5,lightHole,0,2984,0.14333054,0.74242413,0.17219539,0.76460606,40.54508253,3546.122261
subImage_5,darkHole,0,2984,0.58819914,0.24383576,0.62328845,0.26498944,155.6761555,3173.791799
subImage_5,darkHole,0,2984,0.44920716,0.5896023,0.49046898,0.6161235,120.7483834,3433.735719
subImage_5,lightHole,0,2984,0.13105677,0.1486866,0.17020771,0.17165652,38.71248565,3103.487984
subImage_5,lightHole,0,2984,0.13924995,0.5931217,0.18348669,0.61797404,41.4716577,3435.738715
subImage_5,darkHole,0,2984,0.88354605,0.24129581,0.92701834,0.26150852,232.6575252,3171.546018
subImage_5,darkHole,0,2984,0.75409794,0.7911754,0.79173666,0.81006664,198.6397462,3581.26329
subImage_5,darkHole,0,2984,0.75174546,0.2933409,0.7868483,0.31659207,197.7092993,3211.504994
subImage_5,darkHole,0,2984,0.7474256,0.5387671,0.7850966,0.56379735,196.9291029,3395.256541
subImage_5,lightHole,0,2984,0.1420287,0.6448902,0.17088522,0.670413,40.20943929,3474.608096
subImage_5,darkHole,0,2984,0.8880629,0.04149061,0.92789114,0.06779369,233.3500928,3024.763044
subImage_5,darkHole,0,2984,0.7456579,0.34479845,0.80783415,0.37241578,199.6237309,3251.520907
subImage_5,darkHole,0,2984,0.90494174,0.9357121,0.943413,0.9557306,237.5135863,3689.508133
subImage_5,darkHole,0,2984,0.4351608,0.047002103,0.47827876,0.071366176,117.3769812,3028.151368
subImage_5,lightHole,0,2984,0.28902006,0.6413825,0.32816303,0.66642106,79.30802697,3471.810732
subImage_5,darkHole,0,2984,0.8844345,0.09270785,0.9218823,0.11399094,232.1117079,3061.098649
subImage_5,darkHole,0,2984,0.7407702,0.047426164,0.77728546,0.0732162,195.0701545,3028.999602
subImage_5,darkHole,0,2984,0.43416017,0.1466484,0.47430125,0.16893338,116.7372927,3101.712005
subImage_5,darkHole,0,2984,0.7528042,0.68977344,0.7905478,0.7135565,198.320733,3507.442078
subImage_5,lightHole,0,2984,0.5983896,0.6412428,0.6317317,0.6619308,158.0705889,3470.083753
subImage_5,lightHole,0,2984,0.1342108,0.2477899,0.16653492,0.26910275,38.64582383,3176.800961
subImage_5,darkHole,0,2984,0.44684678,0.64118326,0.49769467,0.667259,121.3735769,3472.048954
subImage_5,darkHole,0,2984,0.45314938,0.93817604,0.49355158,0.9615577,121.6510734,3692.600678
subImage_5,darkHole,0,2984,0.1345253,0.39334702,0.16980416,0.4189295,39.10633495,3286.979139
subImage_5,darkHole,0,2984,0.74385196,0.14536816,0.77627975,0.17298374,195.3369244,3102.745257
subImage_5,darkHole,0,2984,0.13626279,0.5424545,0.17468795,0.5648645,39.95717024,3397.029986
subImage_5,lightHole,0,2984,0.28327212,0.34483355,0.32373828,0.36836866,78.00083567,3250.024424
subImage_5,lightHole,0,2984,0.29586804,0.7421033,0.32927975,0.7650061,80.33149098,3546.151808
subImage_5,darkHole,0,2984,0.7500151,0.19190428,0.78102845,0.21850044,196.7390935,3137.080958
subImage_5,lightHole,0,2984,0.60087997,0.73809004,0.64569247,0.76325935,160.1845579,3544.003322
subImage_5,lightHole,0,2984,0.12921408,0.19838084,0.1656185,0.22177514,37.88598555,3140.718183
subImage_5,darkHole,0,2984,0.59383917,0.58891827,0.6295012,0.61285293,157.1992404,3432.260657
subImage_5,darkHole,0,2984,0.5939293,0.19241935,0.6276716,0.21623507,156.9757144,3136.428099
subImage_5,lightHole,0,2984,0.43472627,0.003549158,0.4690619,0.019532492,116.136781,2992.609455
subImage_5,darkHole,0,2984,0.2807284,0.003718911,0.31341913,0.023645923,76.34795801,2994.207083
subImage_5,darkHole,0,2984,0.7525212,0.5923323,0.7931495,0.6142857,198.6186834,3434.068518
subImage_5,darkHole,0,2984,0.89440006,0.58909976,0.9344108,0.60888094,235.0021969,3430.846802
subImage_5,darkHole,0,2984,0.43822852,0.3451058,0.47999448,0.3671372,117.9916547,3249.666636
subImage_5,darkHole,0,2984,0.9033206,0.88592285,0.9361653,0.90612143,236.3739361,3652.432517
subImage_5,halfHole,0,2984,0.14165482,0.44452283,0.17249654,0.47003037,40.36844996,3325.128342
subImage_5,halfHole,0,2984,0.441198,0.097739905,0.4761043,0.122773595,117.8733431,3066.251536
subImage_5,darkHole,0,2984,0.4493211,0.69040704,0.48823202,0.7136525,120.4755743,3507.714204
subImage_5,darkHole,0,2984,0.88947076,0.53875595,0.92387503,0.5576034,233.014934,3392.942046
subImage_5,lightHole,0,2984,0.13505135,0.2974983,0.16975708,0.3204137,39.16788426,3214.481174
subImage_5,darkHole,0,2984,0.13248587,0.3471271,0.16869085,0.37043482,38.70120748,3251.6506
subImage_5,halfHole,0,2984,0.5995029,0.54181725,0.62701505,0.5634084,157.6075598,3396.249157
subImage_5,darkHole,0,2984,0.27596334,0.14950338,0.3172958,0.17134625,76.23379768,3103.676911
subImage_5,lightHole,0,2984,0.610732,0.98610806,0.6413731,0.99958897,160.8955075,3724.664993
subImage_5,halfHole,0,2984,0.90000594,0.44223207,0.9286601,0.4614596,234.983585,3321.076996
subImage_5,darkHole,0,2984,0.59479773,0.4898493,0.6278209,0.5137334,157.1064952,3358.336342
subImage_5,lightHole,0,2984,0.5876727,0.045998633,0.6243851,0.06922036,155.749431,3026.976683
subImage_5,darkHole,0,2984,0.8940736,0.7873955,0.93138033,0.80565035,234.5708309,3578.206095
subImage_5,halfHole,0,2984,0.4400331,0.1994176,0.47260067,0.21938705,117.2734403,3140.214138
subImage_5,darkHole,0,2984,0.44280142,0.44446766,0.4750576,0.46591523,117.9448838,3323.57282
subImage_5,darkHole,0,2984,0.44202083,0.29265884,0.48420662,0.3147483,119.0202274,3210.562857
subImage_5,lightHole,0,2984,0.29831085,0.8901129,0.33286673,0.9137918,81.10631831,3656.856435
subImage_5,halfHole,0,2984,0.13329755,0.49565956,0.16899517,0.51967716,38.84461445,3362.720597
subImage_5,darkHole,0,2984,0.45348132,0.8896075,0.49181026,0.91129243,121.4699679,3655.735671
subImage_5,lightHole,0,2984,0.612534,0.9368178,0.6444679,0.9575817,161.5247412,3690.611022
subImage_5,darkHole,0,2984,0.5900397,0.44132313,0.62239665,0.46375898,155.7980669,3321.595626
subImage_5,lightHole,0,2984,0.73094547,0.002050281,0.77588636,0.020163534,193.6278895,2992.285753
subImage_5,darkHole,0,2984,0.7334376,0.00125107,0.77800924,0.021646922,194.2209181,2992.540951
subImage_5,darkHole,0,2984,0.89136344,0.1433794,0.93055594,0.165875,234.1166405,3099.351894
subImage_5,halfHole,0,2984,0.6041594,0.83755076,0.64178807,0.8641492,160.1042512,3618.73409
subImage_5,darkHole,0,2984,0.6038429,0.7865901,0.6348626,0.80911607,159.1736588,3579.198399
subImage_6,darkHole,0,3730,0.75081456,0.13440266,0.7960295,0.1595367,198.7694624,3839.639384
subImage_6,darkHole,0,3730,0.7587321,0.18365164,0.7919657,0.20702904,199.2646677,3875.723896
subImage_6,lightHole,0,3730,0.15643802,0.38723096,0.1975502,0.4091149,45.48748758,4027.037006
subImage_6,lightHole,0,3730,0.3064322,0.23605512,0.3415538,0.258885,83.26620033,3914.612664
subImage_6,darkHole,0,3730,0.45810524,0.283869,0.4963183,0.3099119,122.6434258,3951.480278
subImage_6,darkHole,0,3730,0.90728885,0.18125167,0.93940616,0.20237502,237.3003083,3873.092759
subImage_6,darkHole,0,3730,0.46167767,0.23188512,0.4988498,0.25953376,123.4277811,3913.299243
subImage_6,darkHole,0,3730,0.75378543,0.037650786,0.79397553,0.060228385,198.8872838,3766.508931
subImage_6,darkHole,0,3730,0.7503579,0.08544592,0.796529,0.11263924,198.7749693,3803.885764
subImage_6,lightHole,0,3730,0.30274296,0.13745254,0.3365206,0.16137546,82.14536878,3841.462846
subImage_6,darkHole,0,3730,0.45864218,0.08655161,0.49376872,0.110857286,122.3848015,3803.633517
subImage_6,lightHole,0,3730,0.30592567,0.18735631,0.3362599,0.20776631,82.52084559,3877.380736
subImage_6,lightHole,0,3730,0.3003578,0.03816031,0.34293061,0.06335362,82.66255988,3767.864696
subImage_6,lightHole,0,3730,0.15645675,0.43546054,0.19190003,0.4578486,44.76384667,4063.204312
subImage_6,lightHole,0,3730,0.15335324,0.18817917,0.19145833,0.20952551,44.30828721,3878.343844
subImage_6,lightHole,0,3730,0.15110746,0.08908473,0.18811063,0.11056515,43.5895252,3804.469404
subImage_6,darkHole,0,3730,0.46501628,0.3818022,0.49888134,0.4063812,123.8608436,4023.992405
subImage_6,lightHole,0,3730,0.15417641,0.33769676,0.19131048,0.35878906,44.39506591,3989.78921
subImage_6,lightHole,0,3730,0.15373482,0.13962765,0.18974772,0.1588812,44.13750627,3841.343802
subImage_6,darkHole,0,3730,0.90470785,0.13216233,0.9388251,0.15274124,236.8939802,3836.269032
subImage_6,darkHole,0,3730,0.7601191,0.38414848,0.7928476,0.40410507,199.5562151,4024.018573
subImage_6,darkHole,0,3730,0.46308976,0.1890536,0.49751654,0.20551497,123.4379104,3877.174074
subImage_6,darkHole,0,3730,0.4675726,0.43310863,0.49635452,0.45655727,123.8646349,4061.845381
subImage_6,darkHole,0,3730,0.75664896,0.23337531,0.7928439,0.2618984,199.1098294,3914.737094
subImage_6,lightHole,0,3730,0.13981938,0.0377525,0.18886216,0.061159324,42.23557834,3766.894111
subImage_6,darkHole,0,3730,0.45567217,0.13517798,0.49005234,0.15979825,121.5256004,3840.026135
subImage_6,darkHole,0,3730,0.76158106,0.4338412,0.7905384,0.45672852,199.4473473,4062.182504
subImage_6,darkHole,0,3730,0.613989,0.23243591,0.64877355,0.25353947,162.2649872,3911.268818
subImage_6,lightHole,0,3730,0.30740952,0.33625892,0.3410307,0.35646284,83.32456724,3988.385214
subImage_6,darkHole,0,3730,0.7584197,0.2829873,0.79026353,0.3055674,199.0057946,3949.530907
subImage_6,darkHole,0,3730,0.46175197,0.33106256,0.49417812,0.3568203,122.8370158,3986.5803
subImage_6,darkHole,0,3730,0.909,0.08101699,0.9508243,0.10380792,238.9874225,3798.93969
subImage_6,darkHole,0,3730,0.6052266,0.33048108,0.6480947,0.35344565,161.0517858,3985.104671
subImage_6,darkHole,0,3730,0.45783076,0.0371319,0.5001845,0.060756963,123.1049575,3766.512546
subImage_6,darkHole,0,3730,0.60954374,0.034228016,0.6436977,0.057972208,161.0415224,3764.390683
subImage_6,lightHole,0,3730,0.30743214,0.43466294,0.34145987,0.45686448,83.38262396,4062.539726
subImage_6,darkHole,0,3730,0.61262906,0.1820354,0.65486944,0.2060714,162.8735564,3874.763839
subImage_6,lightHole,0,3730,0.30562094,0.28620628,0.34419388,0.30982077,83.50120364,3952.318088
subImage_6,darkHole,0,3730,0.90452355,0.23028708,0.94307154,0.2531422,237.4159698,3910.319123
subImage_6,darkHole,0,3730,0.3044566,0.086127475,0.346195,0.11452066,83.60873111,3804.841755
subImage_6,darkHole,0,3730,0.7592832,0.33481333,0.7998226,0.3572105,200.345097,3988.124883
subImage_6,darkHole,0,3730,0.9123457,0.37954348,0.9447977,0.4010122,238.6429272,4021.147274
subImage_6,darkHole,0,3730,0.6133916,0.082796305,0.64350086,0.10638474,161.5106789,3800.56453
subImage_6,darkHole,0,3730,0.15691534,0.23747475,0.18970904,0.26078233,44.54123211,3915.849893
subImage_6,darkHole,0,3730,0.6083337,0.28048277,0.64972806,0.30324328,161.660937,3947.729816
subImage_6,darkHole,0,3730,0.6121142,0.43169954,0.6481634,0.45402044,161.9456677,4060.373554
subImage_6,lightHole,0,3730,0.15761276,0.2876256,0.19884975,0.3093071,45.80543233,3952.655901
subImage_6,darkHole,0,3730,0.9031955,0.032855045,0.95505404,0.055354837,238.7850665,3762.902286
subImage_6,darkHole,0,3730,0.6123101,0.13240403,0.6488495,0.1579965,162.0590084,3838.3194
subImage_6,darkHole,0,3730,0.90953064,0.27931342,0.94396895,0.30449226,238.1746975,3947.759519
subImage_6,darkHole,0,3730,0.91293216,0.3291198,0.95149744,0.3526756,239.5792027,3984.30968
subImage_8,lightHole,257,0,0.12804922,0.75916725,0.1634601,0.7798324,294.4589489,574.0468794
subImage_8,darkHole,257,0,0.59072256,0.94957,0.62669504,0.96871316,413.4381613,715.5196204
subImage_8,darkHole,257,0,0.58910376,0.89872485,0.6283021,0.9259571,413.4366525,680.6063628
subImage_8,lightHole,257,0,0.13902749,0.9068301,0.16969997,0.92748296,296.6714784,684.1987621
subImage_8,darkHole,257,0,0.42933178,0.5602007,0.4605895,0.5829427,371.3548842,426.392494
subImage_8,lightHole,257,0,0.74230206,0.565042,0.7713361,0.58698654,451.5025008,429.7066531
subImage_8,darkHole,257,0,0.58816904,0.75503916,0.62102264,0.7756446,412.3811309,570.9450409
subImage_8,darkHole,257,0,0.5869939,0.8514256,0.62687886,0.8739652,412.9826459,643.5707654
subImage_8,lightHole,257,0,0.74221545,0.95405066,0.77387977,0.97532135,451.8182359,719.6557607
subImage_8,darkHole,257,0,0.58468527,0.5570537,0.6255437,0.5798681,412.5144239,424.0718178
subImage_8,lightHole,257,0,0.13149849,0.7106409,0.1640292,0.73277646,294.9753071,538.3946791
subImage_8,darkHole,257,0,0.58557963,0.70581543,0.62858707,0.7244986,413.0204211,533.5071459
subImage_8,darkHole,257,0,0.13538328,0.807801,0.17158803,0.8291294,296.4458135,610.5750415
subImage_8,lightHole,257,0,0.74562,0.8107516,0.772619,0.8318055,452.0937142,612.6738148
subImage_8,darkHole,257,0,0.4314978,0.60898775,0.46709535,0.6343349,372.4692207,463.7593561
subImage_8,darkHole,257,0,0.27828133,0.85533583,0.31372124,0.87683266,333.0723303,646.0988489
subImage_8,darkHole,257,0,0.58778673,0.658743,0.6191172,0.67755014,412.0871556,498.437349
subImage_8,darkHole,257,0,0.43380412,0.7571077,0.4614499,0.7804144,372.040141,573.4957349
subImage_8,lightHole,257,0,0.12324898,0.5651272,0.16498968,0.5853515,294.0386677,429.1285628
subImage_8,darkHole,257,0,0.12982558,0.6136102,0.16854653,0.62982035,295.3408155,463.799597
subImage_8,lightHole,257,0,0.13154778,0.66324943,0.16669902,0.68150014,295.3247139,501.5915896
subImage_8,darkHole,257,0,0.4370071,0.8984337,0.46545184,0.9256692,372.9659733,680.3903737
subImage_8,lightHole,257,0,0.87607056,0.5648684,0.91509604,0.58389235,487.1649086,428.4877545
subImage_8,lightHole,257,0,0.7453996,0.9064443,0.77026147,0.92610425,451.7624463,683.5406124
subImage_8,darkHole,257,0,0.8829694,0.6598713,0.9271511,0.68208873,489.6004795,500.5510848
subImage_8,darkHole,257,0,0.2879172,0.90403223,0.32084638,0.923074,335.2261195,681.5106266
subImage_8,darkHole,257,0,0.2820001,0.80629575,0.31990787,0.8299674,334.345174,610.3261483
subImage_8,lightHole,257,0,0.42927966,0.66355884,0.4597074,0.6800832,371.2348378,501.1784869
subImage_8,halfHole,257,0,0.28320345,0.70649385,0.3125103,0.7331768,333.5492187,536.9971644
subImage_8,lightHole,257,0,0.8794555,0.8087474,0.92285395,0.82619274,488.5967648,609.832675
subImage_8,halfHole,257,0,0.8919572,0.95177877,0.93058634,0.975452,491.1968476,718.8570792
subImage_8,lightHole,257,0,0.74659014,0.85623044,0.7789644,0.8775748,453.0337581,646.7093542
subImage_8,darkHole,257,0,0.4313178,0.7081386,0.4594491,0.72704065,371.463549,535.3218541
subImage_8,lightHole,257,0,0.87354475,0.9072824,0.92351747,0.9264486,487.922495,683.9816614
subImage_8,darkHole,257,0,0.43286663,0.8555477,0.46593294,0.87710166,372.4957445,646.278221
subImage_8,halfHole,257,0,0.28432852,0.6576835,0.31423092,0.6817692,333.9148879,499.6158511
subImage_8,lightHole,257,0,0.74063873,0.66287947,0.76964736,0.6838676,451.0717629,502.3366462
subImage_8,darkHole,257,0,0.73425406,0.7104019,0.76516473,0.73321664,449.6753152,538.4697139
subImage_9,darkHole,257,746,0.28748423,0.5813272,0.32997942,0.6093834,336.3440788,1190.135055
subImage_9,darkHole,257,746,0.591492,0.48488364,0.62597406,0.5082799,413.4443882,1116.450006
subImage_9,darkHole,257,746,0.2927214,0.68405765,0.32735267,0.707845,336.6795172,1265.179679
subImage_9,darkHole,257,746,0.75367075,0.93170273,0.791037,0.9544496,455.4949491,1449.534818
subImage_9,darkHole,257,746,0.58809817,0.53508925,0.63385904,0.558682,414.0215011,1153.976687
subImage_9,darkHole,257,746,0.589631,0.23847897,0.6298289,0.26404914,413.700596,933.4429873
subImage_9,lightHole,257,746,0.45022875,0.8827783,0.48084652,0.9013146,376.6431728,1411.466653
subImage_9,darkHole,257,746,0.59560573,0.14244483,0.6302212,0.16869313,414.5187591,862.0544588
subImage_9,darkHole,257,746,0.75037533,0.4381352,0.7874005,0.46267387,454.6041922,1082.001787
subImage_9,darkHole,257,746,0.29061943,0.538767,0.32914513,0.5618077,336.6397468,1156.514353
subImage_9,darkHole,257,746,0.2897381,0.7349408,0.3325294,0.7588931,336.9613718,1303.200045
subImage_9,darkHole,257,746,0.29217318,0.63370526,0.33392063,0.6574694,337.4530539,1227.608145
subImage_9,darkHole,257,746,0.5945621,0.044742383,0.6273149,0.068110384,414.0111994,788.0940821
subImage_9,darkHole,257,746,0.28951955,0.48907807,0.32857835,0.5105058,336.4255803,1118.844784
subImage_9,darkHole,257,746,0.597314,0.43662947,0.62745327,0.46193212,414.3825939,1081.163476
subImage_9,lightHole,257,746,0.44698936,0.6365449,0.47716138,0.65616465,375.7533695,1228.180654
subImage_9,darkHole,257,746,0.5911795,0.09501491,0.63167393,0.12052402,414.1366647,826.3960196
subImage_9,darkHole,257,746,0.2880862,0.43922007,0.32489547,0.46035668,335.7681455,1081.542129
subImage_9,lightHole,257,746,0.45167488,0.9804979,0.48486692,0.9980301,377.3456208,1483.990952
subImage_9,lightHole,257,746,0.29241183,0.29620948,0.32417503,0.3159261,336.231412,974.3265747
subImage_9,lightHole,257,746,0.8973577,0.78451276,0.9371303,0.8056414,492.7317047,1339.127506
subImage_9,darkHole,257,746,0.29405665,0.09798114,0.32963726,0.121782504,337.1446678,827.9718392
subImage_9,darkHole,257,746,0.29124203,0.83168906,0.32433248,0.85344195,336.1013244,1374.553868
subImage_9,darkHole,257,746,0.28921458,0.34150773,0.33395544,0.36666128,337.0773473,1010.147042
subImage_9,lightHole,257,746,0.4462379,0.7372383,0.47704488,0.7564789,375.6418362,1303.156513
subImage_9,lightHole,257,746,0.75219256,0.54281974,0.7854825,0.56151366,454.5912481,1157.916358
subImage_9,darkHole,257,746,0.59604156,0.19244955,0.62881166,0.2166185,414.3936385,898.5823819
subImage_9,darkHole,257,746,0.29436305,0.78316486,0.32724437,0.80826986,336.8765538,1339.60515
subImage_9,darkHole,257,746,0.8675764,0.3924558,0.94422275,0.42163965,489.8161932,1049.657598
subImage_9,darkHole,257,746,0.6043403,0.8767196,0.63282686,0.9003333,415.9759826,1408.840724
subImage_9,darkHole,257,746,0.29864496,0.88052565,0.3383068,0.9055427,338.848303,1412.203483
subImage_9,lightHole,257,746,0.89053154,0.73407114,0.9423461,0.7557977,492.5247762,1301.72107
subImage_9,darkHole,257,746,0.59165406,0.29175863,0.6269498,0.3136578,413.5905946,971.8203236
subImage_9,lightHole,257,746,0.14968076,0.14933407,0.18260264,0.1704652,299.6984179,865.2851293
subImage_9,lightHole,257,746,0.150465,0.97895104,0.18283765,0.99981475,299.8293901,1484.079638
subImage_9,lightHole,257,746,0.7475888,0.052388206,0.77869976,0.07271863,453.1280811,792.664849
subImage_9,lightHole,257,746,0.4483545,0.68674785,0.48375896,0.707945,376.7765807,1266.220429
subImage_9,darkHole,257,746,0.14200999,0.7360907,0.17001735,0.7600889,297.0955126,1304.075006
subImage_9,lightHole,257,746,0.7466346,0.15026155,0.77427566,0.16866946,452.4369688,864.961268
subImage_9,darkHole,257,746,0.4380724,0.14678493,0.4821503,0.17074761,375.2486169,864.4396372
subImage_9,darkHole,257,746,0.2916124,0.24452111,0.3224119,0.2692031,335.9021202,937.6191295
subImage_9,lightHole,257,746,0.14692917,0.39529136,0.17738381,0.41461658,298.6742186,1048.095663
subImage_9,darkHole,257,746,0.44018713,0.83199835,0.47997504,0.85571706,375.240839,1375.517848
subImage_9,darkHole,257,746,0.74993575,0.3933631,0.7895421,0.4175543,454.8229005,1048.472182
subImage_9,darkHole,257,746,0.6043244,0.7806963,0.6350732,0.80377275,416.2625897,1337.006945
subImage_9,lightHole,257,746,0.7549496,0.5916441,0.7846489,0.6105691,454.8384104,1194.425534
subImage_9,darkHole,257,746,0.13451827,0.4903829,0.16614944,0.5151054,295.6357999,1121.047149
subImage_9,halfHole,257,746,0.6076319,0.7322708,0.6351186,0.75463915,416.6934425,1300.617402
subImage_9,lightHole,257,746,0.44058436,0.3919171,0.47019598,0.4133705,374.0352737,1046.372275
subImage_9,darkHole,257,746,0.5942637,0.5855292,0.6300039,0.60520226,414.3183869,1190.142837
subImage_9,darkHole,257,746,0.13618387,0.68669635,0.16655642,0.7108714,295.9021274,1267.29277
subImage_9,darkHole,257,746,0.6004086,0.33804357,0.6259143,0.36534876,414.5824913,1008.365338
subImage_9,halfHole,257,746,0.14760035,0.34602857,0.18169525,0.36721504,299.3144853,1012.039864
subImage_9,darkHole,257,746,0.29514614,0.003637117,0.32873476,0.022752732,337.1686947,755.8434136
subImage_9,darkHole,257,746,0.29578587,0.9797079,0.33155116,0.99927837,337.6128094,1484.161876
subImage_9,darkHole,257,746,0.14026134,0.783237,0.16766901,0.8088286,296.56905,1339.840459
subImage_9,lightHole,257,746,0.14113194,0.006505361,0.16869842,0.024653114,296.8132003,757.6221113
subImage_9,lightHole,257,746,0.44434404,0.29356307,0.47238654,0.31354734,374.7998799,972.4521833
subImage_9,lightHole,257,746,0.8916103,0.005638443,0.9376255,0.024891488,492.056807,757.3876643
subImage_9,darkHole,257,746,0.29452816,0.93308043,0.32759908,0.9517015,336.9433497,1449.02367
subImage_9,darkHole,257,746,0.7522292,0.98105913,0.791815,0.99999976,455.4096793,1484.934968
subImage_9,halfHole,257,746,0.14354542,0.19660808,0.17500551,0.22895786,297.9337944,904.7360968
subImage_9,darkHole,257,746,0.585653,0.000989065,0.623612,0.020770138,412.3905517,754.1161827
subImage_9,lightHole,257,746,0.14325106,0.05054364,0.17228533,0.07328871,297.5464267,792.1894661
subImage_9,darkHole,257,746,0.7498342,0.19832028,0.7871922,0.21969098,454.5078931,901.9182011
subImage_9,darkHole,257,746,0.13548063,0.54139686,0.16773227,0.56163234,295.9628571,1157.429888
subImage_9,darkHole,257,746,0.29550844,0.04994357,0.32672623,0.06982636,336.9571554,790.6741828
subImage_9,darkHole,257,746,0.29258707,0.39242664,0.32450762,0.4119031,336.2966684,1046.014998
subImage_9,lightHole,257,746,0.74518937,0.00541579,0.77361345,0.023908062,452.1661626,756.9377969
subImage_9,lightHole,257,746,0.88928723,0.49096063,0.9320688,0.51303184,491.0442535,1120.489191
subImage_9,darkHole,257,746,0.13378863,0.63816416,0.1693762,0.6598522,295.95668,1230.160106
subImage_9,lightHole,257,746,0.75001603,0.29718754,0.78423303,0.31883457,454.1510051,975.776247
subImage_9,lightHole,257,746,0.43634778,0.1973919,0.47140718,0.21797529,373.6465121,900.9319604
subImage_9,lightHole,257,746,0.45208147,0.9325669,0.48280686,0.9529075,377.1331508,1449.281945
subImage_9,lightHole,257,746,0.14144392,0.24844502,0.17194131,0.27004832,297.2700025,939.3980156
subImage_9,darkHole,257,746,0.7508952,0.8334286,0.7871986,0.85912114,454.645054,1377.321062
subImage_9,darkHole,257,746,0.7484282,0.09936451,0.78550136,0.12054188,454.1099519,828.0250834
subImage_9,darkHole,257,746,0.13370335,0.43702132,0.16772841,0.4658974,295.7339812,1082.788685
subImage_9,darkHole,257,746,0.5950283,0.63087803,0.62615573,0.6556149,413.922146,1225.861868
subImage_9,halfHole,257,746,0.44568998,0.43540525,0.4798432,0.46348563,375.931013,1081.286299
subImage_9,halfHole,257,746,0.44823924,0.7818378,0.48210144,0.80654263,376.5487771,1338.46591
subImage_9,darkHole,257,746,0.8894094,0.09685743,0.93691856,0.12025169,491.6831454,826.9817023
subImage_9,halfHole,257,746,0.14753066,0.101035826,0.17845733,0.124017395,298.8894573,829.9448514
subImage_9,halfHole,257,746,0.5933539,0.6351789,0.62572294,0.6573766,413.651378,1228.123206
subImage_9,darkHole,257,746,0.1414678,0.9327179,0.18166743,0.95333827,298.5228767,1449.498957
subImage_9,halfHole,257,746,0.44372138,0.4863223,0.47600612,0.51175267,375.1849843,1118.281967
subImage_9,darkHole,257,746,0.44105995,0.09592694,0.47028694,0.12174161,374.1080744,827.1903685
subImage_9,darkHole,257,746,0.75177896,0.34415323,0.7842771,0.36715406,454.3832014,1011.317618
subImage_9,darkHole,257,746,0.4438347,0.5388149,0.475137,0.5601818,375.0878619,1155.925769
subImage_9,darkHole,257,746,0.4334869,0.001205515,0.46175808,0.022674156,372.0389807,754.9071175
subImage_9,halfHole,257,746,0.7531304,0.88369375,0.7924426,0.90631247,455.60613,1413.67232
subImage_9,darkHole,257,746,0.2873841,0.19521303,0.32214433,0.21857642,335.3244023,900.3434653
subImage_9,halfHole,257,746,0.44393638,0.34129274,0.4783412,0.36686778,375.5126677,1010.143874
subImage_9,lightHole,257,746,0.896382,0.5394759,0.9323618,0.56119186,491.9935726,1156.54908
subImage_9,lightHole,257,746,0.75152135,0.7873307,0.7849636,0.80721664,454.4383169,1340.766155
subImage_9,darkHole,257,746,0.6009679,0.6826871,0.6290399,0.704012,415.0559981,1263.238757
subImage_9,darkHole,257,746,0.5977022,0.3877897,0.6251751,0.40968382,414.1397361,1043.457623
subImage_9,darkHole,257,746,0.44308218,0.341216,0.4788667,0.36763164,375.4704311,1010.40017
subImage_10,darkHole,257,1492,0.60997117,0.6558949,0.6560671,0.6874217,419.6859137,1993.057075
subImage_10,darkHole,257,1492,0.29574823,0.028608618,0.33156928,0.05003701,337.6103011,1521.33482
subImage_10,darkHole,257,1492,0.60841,0.12072544,0.6495788,0.14394218,418.6515622,1590.721021
subImage_10,lightHole,257,1492,0.45710617,0.2249383,0.48915157,0.24513976,378.5941196,1667.339119
subImage_10,lightHole,257,1492,0.90533143,0.17487991,0.9501331,0.19559886,495.4271906,1630.188579
subImage_10,darkHole,257,1492,0.31177756,0.9597162,0.3460291,0.9824914,341.5281564,2216.443425
subImage_10,lightHole,257,1492,0.9104146,0.37353036,0.94516534,0.39183408,495.4420188,1777.480935
subImage_10,lightHole,257,1492,0.90148765,0.028858922,0.9400177,0.048605308,493.6334373,1520.894158
subImage_10,lightHole,257,1492,0.7638661,0.7662807,0.7951309,0.7866805,457.331119,2071.254539
subImage_10,lightHole,257,1492,0.9034593,0.078686185,0.94205976,0.09831295,494.1492,1558.020678
subImage_10,lightHole,257,1492,0.90736353,0.22479665,0.94749635,0.24432111,495.3494957,1666.980925
subImage_10,darkHole,257,1492,0.4513208,0.61490846,0.48999706,0.63627166,377.9593445,1958.690182
subImage_10,darkHole,257,1492,0.30388272,0.37119046,0.33336768,0.39355958,338.8866756,1777.251763
subImage_10,lightHole,257,1492,0.7659471,0.86390096,0.79838485,0.8858508,458.0166554,2144.657402
subImage_10,darkHole,257,1492,0.75303817,0.07577458,0.788042,0.10147541,455.0288027,1558.114246
subImage_10,darkHole,257,1492,0.29444626,0.12569973,0.33061907,0.14659494,337.3208945,1593.565912
subImage_10,lightHole,257,1492,0.9040674,0.12734243,0.9475332,0.14811757,494.9306755,1594.746582
subImage_10,lightHole,257,1492,0.14803417,0.07757749,0.17890452,0.09994253,299.0116215,1558.214965
subImage_10,lightHole,257,1492,0.9161182,0.96142966,0.95140976,0.9807365,496.9773431,2216.427974
subImage_10,lightHole,257,1492,0.1473237,0.22563773,0.18079345,0.24767466,299.1630534,1668.545523
subImage_10,lightHole,257,1492,0.4536843,0.1286951,0.48655355,0.1470451,377.8205637,1594.851097
subImage_10,darkHole,257,1492,0.29798737,0.46881258,0.331598,0.49101385,337.901722,1850.015262
subImage_10,darkHole,257,1492,0.458242,0.37015703,0.48975423,0.39231014,378.8175154,1776.400257
subImage_10,darkHole,257,1492,0.616736,0.56267464,0.6504799,0.58572316,419.8372441,1920.352381
subImage_10,darkHole,257,1492,0.45622092,0.17504315,0.48774415,0.19536847,378.2995124,1630.163534
subImage_10,darkHole,257,1492,0.7605521,0.22448872,0.78908867,0.2481807,456.1288396,1668.305695
subImage_10,darkHole,257,1492,0.15261044,0.27195367,0.18682075,0.2980191,300.6169068,1704.599848
subImage_10,lightHole,257,1492,0.45305875,0.27334285,0.48866227,0.29430965,378.0111513,1703.73438
subImage_10,darkHole,257,1492,0.46436656,0.9120121,0.49445415,0.93531245,380.20846,2181.052057
subImage_10,lightHole,257,1492,0.4538787,0.030214345,0.48683077,0.046894882,377.8811671,1520.761742
subImage_10,darkHole,257,1492,0.15487374,0.46787274,0.19400232,0.49253467,301.8305736,1850.231962
subImage_10,darkHole,257,1492,0.29567114,0.6650863,0.34682414,0.68576753,339.5606428,1995.86849
subImage_10,darkHole,257,1492,0.6165101,0.75939447,0.6620635,0.7840363,421.2967041,2067.699668
subImage_10,darkHole,257,1492,0.6095722,0.31915683,0.64232904,0.33911633,417.8693054,1737.535889
subImage_10,darkHole,257,1492,0.31181896,0.7134725,0.3485549,0.73939574,341.8580419,2033.919847
subImage_10,darkHole,257,1492,0.608336,0.023435233,0.64688486,0.045947876,418.2958767,1517.8799
subImage_10,darkHole,257,1492,0.61840904,0.80875206,0.65179515,0.83290964,420.221238,2104.339815
subImage_10,darkHole,257,1492,0.61658263,0.9582938,0.6506165,0.9783434,419.8350919,2214.365684
subImage_10,darkHole,257,1492,0.3031335,0.31841227,0.3346219,0.34130174,338.9515681,1738.073327
subImage_10,darkHole,257,1492,0.7564565,0.17502168,0.7901345,0.19737624,455.7369414,1630.904422
subImage_10,lightHole,257,1492,0.76647526,0.8157618,0.7987179,0.8362796,458.1273232,2108.211433
subImage_10,darkHole,257,1492,0.460749,0.76123416,0.49290255,0.7850986,379.5442238,2068.782126
subImage_10,darkHole,257,1492,0.6179909,0.91020846,0.66106164,0.92991865,421.3582534,2178.367412
subImage_10,lightHole,257,1492,0.76425016,0.4714458,0.79244757,0.4918745,457.0356578,1851.318466
subImage_10,lightHole,257,1492,0.7581887,0.37364495,0.7910582,0.3937576,456.0782276,1778.241155
subImage_10,darkHole,257,1492,0.31010926,0.56778175,0.34318498,0.5878896,340.9483093,1923.065417
subImage_10,darkHole,257,1492,0.14763626,0.322204,0.18267426,0.34708104,299.4449023,1741.643316
subImage_10,darkHole,257,1492,0.16306557,0.6177202,0.19579926,0.64153886,303.1141305,1961.703624
subImage_10,halfHole,257,1492,0.16628073,0.71668994,0.19622323,0.7409468,303.581759,2035.698517
subImage_10,darkHole,257,1492,0.7651089,0.6653187,0.7952945,0.6884331,457.5118378,1996.949436
subImage_10,darkHole,257,1492,0.7533517,0.02743767,0.7893003,0.051333267,455.2307834,1521.38156
subImage_10,darkHole,257,1492,0.30589366,0.22346486,0.33258897,0.2476736,339.045018,1667.734646
subImage_10,darkHole,257,1492,0.6096022,0.36707452,0.64504033,0.38995734,418.2215672,1774.372883
subImage_10,lightHole,257,1492,0.00904646,0.76822585,0.06299979,0.7951585,266.2579434,2075.142364
subImage_10,darkHole,257,1492,0.60734564,0.22048998,0.6449479,0.24233066,417.9197182,1664.632097
subImage_10,lightHole,257,1492,0.907928,0.32339332,0.9505352,0.34458292,495.8125171,1741.155134
subImage_10,lightHole,257,1492,0.9144613,0.91456413,0.9504889,0.9324153,496.6461058,2180.923331
subImage_10,lightHole,257,1492,0.90483403,0.6185214,0.9521987,0.63783425,495.628704,1960.620655
subImage_10,darkHole,257,1492,0.30786094,0.51815206,0.33539262,0.5399166,339.6580831,1886.6596
subImage_10,darkHole,257,1492,0.61396694,0.46516463,0.65603685,0.49133477,420.1954877,1848.774275
subImage_10,darkHole,257,1492,0.29890338,0.27142268,0.3415005,0.29467937,339.2918969,1703.156068
subImage_10,lightHole,257,1492,0.9116666,0.81551135,0.94952387,0.8365113,496.1629713,2108.204452
subImage_10,darkHole,257,1492,0.3138857,0.9097269,0.34880272,0.9336742,342.15546,2179.588623
subImage_10,lightHole,257,1492,0.7740208,0.9630651,0.8070054,0.9821161,460.1618662,2217.552584
subImage_10,lightHole,257,1492,0.91509545,0.86420566,0.94900006,0.88471055,496.5362729,2144.345746
subImage_10,darkHole,257,1492,0.61664176,0.8594319,0.65077376,0.88186646,419.8628948,2141.504295
subImage_10,lightHole,257,1492,0.91158,0.71765655,0.9466958,0.73870385,495.7884443,2035.222429
subImage_10,darkHole,257,1492,0.4564126,0.5659776,0.49010515,0.59022033,378.6275329,1923.261819
subImage_10,lightHole,257,1492,0.15131241,0.12789513,0.18450391,0.1489717,300.1523976,1595.271331
subImage_10,darkHole,257,1492,0.30389002,0.6169869,0.34136793,0.6376215,339.9156466,1959.96893
subImage_10,darkHole,257,1492,0.45490384,0.32067022,0.49240008,0.34403977,378.7285538,1739.936825
subImage_10,darkHole,257,1492,0.29406387,0.07386899,0.32883653,0.098465,337.042701,1556.280579
subImage_10,halfHole,257,1492,0.75983024,0.12891173,0.7875397,0.14968432,455.8370395,1595.91633
subImage_10,darkHole,257,1492,0.15771225,0.66779304,0.19137976,0.6888628,301.8583229,1998.032627
subImage_10,lightHole,257,1492,0.16220248,0.7679884,0.19812918,0.78926593,303.3026176,2072.855859
subImage_10,darkHole,257,1492,0.6103987,0.17011958,0.64454323,0.19310696,418.2600393,1627.483502
subImage_10,lightHole,257,1492,0.7672559,0.91262174,0.7999919,0.9383329,458.3913433,2182.406085
subImage_10,darkHole,257,1492,0.30599725,0.42279232,0.33951303,0.44360912,339.9480718,1815.167735
subImage_10,halfHole,257,1492,0.14702405,0.028833212,0.18183836,0.055269554,299.2588202,1523.370332
subImage_10,darkHole,257,1492,0.45573792,0.81440383,0.48862448,0.83433366,378.3505687,2106.979084
subImage_10,lightHole,257,1492,0.7636708,0.27606905,0.7953026,0.29706556,457.328086,1705.779206
subImage_10,halfHole,257,1492,0.15005673,0.42196673,0.18969981,0.44557798,300.6587165,1815.594177
subImage_10,lightHole,257,1492,0.45464092,0.0789004,0.4856603,0.09783662,377.8287093,1557.922908
subImage_10,darkHole,257,1492,0.14875384,0.4206784,0.18819913,0.44739705,300.2984566,1815.792147
subImage_10,halfHole,257,1492,0.4615024,0.5196088,0.49642476,0.5423488,380.093641,1888.110184
subImage_10,lightHole,257,1492,0.7644788,0.5223133,0.79165405,0.5447097,456.9630716,1889.999571
subImage_10,darkHole,257,1492,0.7595236,0.6181844,0.79182124,0.6381695,456.3478083,1960.62001
subImage_10,halfHole,257,1492,0.15262766,0.37053722,0.19555801,0.39631343,301.741859,1778.035293
subImage_10,halfHole,257,1492,0.16662258,0.91306686,0.20761998,0.9373196,305.0901688,2182.194142
subImage_10,darkHole,257,1492,0.59779954,0.5163024,0.64680517,0.53858525,416.9317048,1885.473094
subImage_10,halfHole,257,1492,0.464212,0.95966774,0.49352515,0.9821539,380.0692235,2216.29947
subImage_10,lightHole,257,1492,0.90606195,0.666535,0.9477459,0.6867707,495.2143109,1996.783025
subImage_10,halfHole,257,1492,0.46037167,0.41973728,0.49002457,0.44293144,379.1259168,1813.775434
subImage_10,darkHole,257,1492,0.15614812,0.5163801,0.20779328,0.5418995,303.7664701,1886.738281
subImage_10,lightHole,257,1492,0.1500864,0.37302446,0.19166833,0.39478204,300.9154834,1778.391825
subImage_10,lightHole,257,1492,0.14709806,0.17728283,0.18003115,0.19611704,299.0361041,1631.278151
subImage_10,darkHole,257,1492,0.46576005,0.9577068,0.49353114,0.9812369,380.2689179,2215.225994
subImage_10,darkHole,257,1492,0.4550239,0.46716693,0.48782045,0.49028257,378.1555004,1849.128662
subImage_10,darkHole,257,1492,0.16029948,0.962327,0.19608417,0.9838641,302.7952992,2217.929292
subImage_10,lightHole,257,1492,0.009684063,0.9088565,0.05245384,0.943219,264.9847203,2182.824168
subImage_10,darkHole,257,1492,0.906235,0.51846504,0.949704,0.54100996,495.4881578,1887.184177
subImage_10,darkHole,257,1492,0.29591447,0.17525968,0.32901913,0.19608377,337.3039677,1630.511106
subImage_11,darkHole,257,2238,0.61635137,0.10312137,0.65743047,0.12818092,420.6809659,2324.275755
subImage_11,darkHole,257,2238,0.32162476,0.7958492,0.3596634,0.8174873,344.5455277,2839.774516
subImage_11,darkHole,257,2238,0.3157537,0.10613784,0.3496132,0.13013116,342.4996451,2326.128336
subImage_11,lightHole,257,2238,0.7702742,0.060315344,0.80383176,0.07975586,459.2726182,2290.246558
subImage_11,darkHole,257,2238,0.3214687,0.5969084,0.36323768,0.6220188,344.9847711,2692.659847
subImage_11,darkHole,257,2238,0.3181921,0.54954386,0.358709,0.5716588,343.9817916,2656.208588
subImage_11,darkHole,257,2238,0.31704637,0.15574259,0.3493064,0.17952159,342.6263321,2363.053538
subImage_11,darkHole,257,2238,0.6185826,0.14918637,0.6562947,0.17823353,420.8217343,2360.127625
subImage_11,darkHole,257,2238,0.6167717,0.29780802,0.656972,0.324682,420.676064,2470.188777
subImage_11,darkHole,257,2238,0.61893266,0.2507804,0.65745085,0.27327177,421.0152822,2433.47146
subImage_11,darkHole,257,2238,0.4812168,0.89482623,0.5188291,0.91656196,385.5058976,2913.647797
subImage_11,lightHole,257,2238,0.47406068,0.502427,0.5019757,0.52016926,382.4206773,2619.428398
subImage_11,darkHole,257,2238,0.31987706,0.6990045,0.35694185,0.7208841,343.9712296,2767.618431
subImage_11,darkHole,257,2238,0.6302382,0.44742626,0.6599204,0.47299227,422.7853762,2581.316112
subImage_11,darkHole,257,2238,0.47910696,0.5988258,0.5165542,0.62257814,384.9424564,2693.583676
subImage_11,darkHole,257,2238,0.3210548,0.5013069,0.36586344,0.52125514,345.2689924,2619.415636
subImage_11,darkHole,257,2238,0.15957175,0.105890356,0.19594568,0.12933561,302.68399,2325.739286
subImage_11,darkHole,257,2238,0.6256825,0.34818393,0.66242045,0.37288877,422.5212258,2506.960118
subImage_11,darkHole,257,2238,0.7780116,0.30293068,0.815026,0.32941002,461.7053323,2473.863081
subImage_11,darkHole,257,2238,0.4745738,0.5499406,0.50821006,0.57188207,383.2877252,2656.43985
subImage_11,darkHole,257,2238,0.6205552,0.006818553,0.6516161,0.028298406,420.4740144,2251.098626
subImage_11,darkHole,257,2238,0.31468332,0.05776867,0.34894556,0.079636075,342.2763106,2289.251969
subImage_11,darkHole,257,2238,0.7740217,0.59766215,0.82587534,0.6223043,462.586768,2693.047494
subImage_11,lightHole,257,2238,0.015174119,0.061239067,0.056571886,0.088835,266.2193616,2293.977628
subImage_11,darkHole,257,2238,0.31692553,0.20538828,0.35543144,0.22558431,343.3978698,2398.752776
subImage_11,darkHole,257,2238,0.7878816,0.89637977,0.8229048,0.9186772,463.9860573,2915.016253
subImage_11,lightHole,257,2238,0.9173081,0.011149037,0.9516778,0.031793524,497.164687,2254.017575
subImage_11,darkHole,257,2238,0.62680036,0.49997663,0.6575749,0.5203957,422.0422197,2618.59888
subImage_11,darkHole,257,2238,0.61653763,0.05451345,0.65171057,0.077597395,419.9698938,2287.277345
subImage_11,darkHole,257,2238,0.628748,0.4006638,0.65830183,0.42196488,422.3859031,2544.840496
subImage_11,darkHole,257,2238,0.32123476,0.3529119,0.35960525,0.37468323,344.487942,2509.39298
subImage_11,darkHole,257,2238,0.6152731,0.20415905,0.6532631,0.22427355,420.006903,2397.805359
subImage_11,darkHole,257,2238,0.3268149,0.45033616,0.36494422,0.47458598,345.8910456,2582.995958
subImage_11,halfHole,257,2238,0.7888582,0.9470911,0.81947637,0.9708153,463.6709886,2953.379089
subImage_11,darkHole,257,2238,0.32276228,0.25472456,0.35936633,0.27563295,344.6535262,2435.823351
subImage_11,darkHole,257,2238,0.7809115,0.7492802,0.81367344,0.7728172,461.904165,2805.742333
subImage_11,lightHole,257,2238,0.7738887,0.011860426,0.8041061,0.03303334,459.7723348,2254.745375
subImage_11,lightHole,257,2238,0.7786138,0.3557098,0.81217825,0.37429056,461.4167797,2510.290129
subImage_11,darkHole,257,2238,0.48599118,0.9451613,0.5176439,0.9675078,385.9671114,2951.42556
subImage_11,darkHole,257,2238,0.32144374,0.39933348,0.3539062,0.42516455,343.7824687,2545.537764
subImage_11,lightHole,257,2238,0.1653023,0.014524823,0.20049363,0.033717673,304.0047783,2255.994451
subImage_11,darkHole,257,2238,0.6360176,0.89074147,0.67536396,0.9148237,425.5125328,2911.475812
subImage_11,lightHole,257,2238,0.01467837,0.60786873,0.06512998,0.6276019,267.2553731,2698.830553
subImage_11,darkHole,257,2238,0.78348124,0.70080215,0.8146473,0.7211364,462.3595196,2768.383075
subImage_11,darkHole,257,2238,0.77980155,0.40491682,0.8157386,0.4249433,462.0269113,2547.537825
subImage_11,darkHole,257,2238,0.3235538,0.74917996,0.3541142,0.76933944,344.0803387,2804.407737
subImage_11,darkHole,257,2238,0.15923868,0.45207405,0.1961341,0.47461215,302.6654031,2583.653952
subImage_11,darkHole,257,2238,0.77648586,0.50015646,0.81520313,0.5218836,461.5320353,2619.220946
subImage_11,darkHole,257,2238,0.3371802,0.89527565,0.37413126,0.9185448,348.4035226,2914.55504
subImage_11,halfHole,257,2238,0.46827215,0.10245593,0.5032257,0.13147971,381.8374716,2325.257993
subImage_11,lightHole,257,2238,0.48282743,0.84706414,0.5175552,0.86809677,385.5491644,2877.755018
subImage_11,lightHole,257,2238,0.019891256,0.36031592,0.07469021,0.3816056,269.1537182,2514.736725
subImage_11,darkHole,257,2238,0.32634565,0.84670085,0.374526,0.87272,347.0620066,2879.343977
subImage_11,lightHole,257,2238,0.4742877,0.4027942,0.50488937,0.4224085,382.8242519,2545.800608
subImage_11,lightHole,257,2238,0.015976513,0.013381909,0.06479206,0.039295167,267.3787615,2257.648549
subImage_11,lightHole,257,2238,0.16812985,0.5528148,0.19442181,0.5732236,303.5878882,2658.012313
subImage_11,halfHole,257,2238,0.47350064,0.25102654,0.5075434,0.2777516,383.0641571,2435.234245
subImage_11,darkHole,257,2238,0.7835312,0.79802746,0.81535494,0.8216204,462.456868,2842.128652
subImage_11,halfHole,257,2238,0.46549848,0.05735242,0.49744773,0.07713511,380.7385875,2288.163848
subImage_11,darkHole,257,2238,0.6301843,0.6474157,0.6633668,0.6680872,423.2213147,2728.682575
subImage_11,darkHole,257,2238,0.78218746,0.64904183,0.81681913,0.672185,462.4723472,2730.81761
subImage_11,darkHole,257,2238,0.77809757,0.25643748,0.8109004,0.27644107,461.1862379,2436.763698
subImage_11,darkHole,257,2238,0.7777023,0.2063949,0.80740297,0.23065124,460.6860234,2401.01821
subImage_11,lightHole,257,2238,0.014422371,0.15707727,0.053673178,0.18766108,265.750278,2366.587404
subImage_11,darkHole,257,2238,0.48508012,0.7465069,0.5194136,0.7691334,386.0774422,2803.333839
subImage_11,lightHole,257,2238,0.46492854,0.35275668,0.4990543,0.37363216,380.8717963,2508.943038
subImage_11,lightHole,257,2238,0.15785167,0.05971364,0.19086128,0.08074425,301.8096142,2290.390793
subImage_11,darkHole,257,2238,0.77805257,0.4516457,0.81516635,0.47629637,461.7286316,2584.122391
subImage_11,halfHole,257,2238,0.16844419,0.40238866,0.20448738,0.42620233,304.9217067,2547.064439
subImage_11,darkHole,257,2238,0.7812,0.54905397,0.81167614,0.5736538,461.6845835,2656.770003
subImage_11,darkHole,257,2238,0.335339,0.945227,0.36961192,0.96905786,347.5861943,2952.028262
subImage_11,darkHole,257,2238,0.31916848,0.010894991,0.3525437,0.03114118,343.3150164,2253.679492
subImage_11,darkHole,257,2238,0.7819209,0.8455777,0.8154163,0.8692707,462.2578284,2877.638453
subImage_11,lightHole,257,2238,0.17503522,0.7500888,0.19959064,0.7712767,305.1394232,2805.46934
subImage_11,lightHole,257,2238,0.17005542,0.7026576,0.19827053,0.72163945,304.3298844,2769.262794
subImage_11,halfHole,257,2238,0.47293988,0.20156464,0.5021094,0.2283788,382.2938334,2398.368904
subImage_11,darkHole,257,2238,0.012282176,0.5568551,0.06089788,0.5801903,266.4036371,2662.117928
subImage_11,halfHole,257,2238,0.6341294,0.5489985,0.6619596,0.5688601,423.5474357,2654.961254
subImage_11,darkHole,257,2238,0.16094214,0.15832971,0.19755626,0.18102121,303.0670437,2364.577895
subImage_11,halfHole,257,2238,0.17129792,0.502679,0.20578863,0.5275633,305.4556217,2622.280365
subImage_11,darkHole,257,2238,0.011239018,0.2543157,0.049228054,0.28480074,264.7700187,2439.090433
subImage_11,lightHole,257,2238,0.46829545,0.011231022,0.5027972,0.03034489,381.7854044,2253.507815
subImage_11,darkHole,257,2238,0.005371644,0.80109626,0.058986258,0.82137245,265.2699903,2843.180829
subImage_11,lightHole,257,2238,0.48104864,0.69948006,0.5176519,0.72008604,385.3330218,2767.498153
subImage_11,darkHole,257,2238,0.17753369,0.84791315,0.2145955,0.87176865,307.3886,2879.441311
subImage_11,darkHole,257,2238,0.31636754,0.30508882,0.36317858,0.3248741,344.3216761,2472.97617
subImage_11,lightHole,257,2238,0.17126381,0.30666178,0.20289819,0.32862687,305.0798174,2474.962669
subImage_11,halfHole,257,2238,0.1857055,0.8965932,0.22542319,0.92387116,309.830036,2917.033211
subImage_11,darkHole,257,2238,0.7741634,0.10752028,0.80491114,0.12955366,459.9110812,2326.428581
subImage_11,lightHole,257,2238,0.9176625,0.25587565,0.95445734,0.27527723,497.5673999,2436.120022
subImage_11,lightHole,257,2238,0.92170495,0.5537882,0.95349365,0.5722484,497.9630204,2658.011646
subImage_11,halfHole,257,2238,0.3285364,0.6521194,0.35768855,0.671369,345.1799045,2731.661179
subImage_11,lightHole,257,2238,0.1639406,0.20757212,0.19692622,0.2277772,303.3713857,2400.385295
subImage_11,darkHole,257,2238,0.63280344,0.7454343,0.6714684,0.7672492,424.5989285,2802.23095
subImage_11,darkHole,257,2238,0.014336498,0.40661493,0.055198975,0.43772823,265.9353082,2552.939997
subImage_11,lightHole,257,2238,0.17472842,0.25659382,0.2123946,0.2801645,306.7453079,2438.210858
subImage_11,lightHole,257,2238,0.92163616,0.40358046,0.9525041,0.42247322,497.8270237,2546.118022
subImage_11,darkHole,257,2238,0.4673956,0.1539103,0.4974607,0.17747495,380.9840341,2361.606695
subImage_11,halfHole,257,2238,0.471308,0.30435082,0.51487267,0.3328003,383.7242152,2475.657369
subImage_11,darkHole,257,2238,0.184553,0.95026714,0.22130616,0.9690285,309.1529017,2953.897262
subImage_11,darkHole,257,2238,0.9144173,0.20660698,0.9542039,0.22804639,497.1178281,2400.125708
subImage_11,lightHole,257,2238,0.17542163,0.79918534,0.2179032,0.82136416,307.5422397,2842.464963
subImage_11,halfHole,257,2238,0.63704324,0.59777635,0.66543627,0.62229586,424.3686165,2693.086934
subImage_11,lightHole,257,2238,0.011833172,0.3095918,0.050592404,0.33374336,265.0216865,2477.964016
subImage_11,darkHole,257,2238,0.16577365,0.3558971,0.19493103,0.3746778,303.3505508,2510.50444
subImage_11,lightHole,257,2238,0.013272886,0.49825516,0.05189568,0.53256756,265.374161,2622.496876
subImage_12,darkHole,257,2984,0.64448917,0.581833,0.68707,0.60745436,428.1053548,3427.604187
subImage_12,darkHole,257,2984,0.34226125,0.38904575,0.37443665,0.4114454,349.0956803,3282.583201
subImage_12,darkHole,257,2984,0.6517546,0.73005205,0.6855679,0.75761294,428.8459455,3538.899044
subImage_12,lightHole,257,2984,0.9451931,0.58847785,0.985222,0.6070989,505.0583396,3429.950119
subImage_12,darkHole,257,2984,0.34547693,0.6860407,0.3799392,0.7090471,350.2159719,3504.367741
subImage_12,darkHole,257,2984,0.64877224,0.5333037,0.68018544,0.5568827,427.7710615,3390.639511
subImage_12,darkHole,257,2984,0.6508657,0.48455638,0.68242395,0.5093031,428.3277166,3354.709582
subImage_12,darkHole,257,2984,0.1863912,0.3883799,0.22063401,0.41451445,309.3027405,3283.479594
subImage_12,darkHole,257,2984,0.34314084,0.5366198,0.3790671,0.5601958,349.8037195,3393.112214
subImage_12,lightHole,257,2984,0.18354739,0.24224123,0.21768479,0.26338673,308.5583355,3172.599229
subImage_12,darkHole,257,2984,0.18342568,0.34100798,0.22489098,0.36493286,309.4686904,3247.315934
subImage_12,darkHole,257,2984,0.3362934,0.33981618,0.3708309,0.36054778,347.8654716,3245.235759
subImage_12,darkHole,257,2984,0.34187165,0.4380828,0.37479708,0.46228427,349.0919312,3319.836921
subImage_12,darkHole,257,2984,0.1915242,0.637971,0.22634718,0.663495,310.6964712,3469.446814
subImage_12,lightHole,257,2984,0.7898345,0.19396888,0.81802523,0.21429594,463.6099754,3136.282776
subImage_12,darkHole,257,2984,0.50199395,0.783202,0.53814965,0.80767316,390.6584538,3577.39643
subImage_12,darkHole,257,2984,0.35241428,0.834797,0.38398898,0.85697675,351.6278185,3615.031617
subImage_12,darkHole,257,2984,0.48515418,0.0413418,0.519494,0.06585147,386.097291,3023.983091
subImage_12,darkHole,257,2984,0.33259013,0.23889858,0.3755914,0.26175165,348.0013266,3170.742535
subImage_12,darkHole,257,2984,0.646202,0.6314655,0.6873983,0.65478444,428.367644,3463.771226
subImage_12,darkHole,257,2984,0.3533808,0.93514365,0.38714972,0.9571925,352.1581719,3689.841377
subImage_12,darkHole,257,2984,0.3339599,0.043965384,0.37590206,0.067754336,348.2172624,3025.671456
subImage_12,darkHole,257,2984,0.34167033,0.7372645,0.38233033,0.76032275,350.0340851,3542.600049
subImage_12,darkHole,257,2984,0.5041525,0.8819322,0.53549516,0.9101047,390.5947216,3652.42976
subImage_12,darkHole,257,2984,0.500841,0.68377584,0.53850645,0.7079089,390.5561499,3503.098419
subImage_12,darkHole,257,2984,0.34695724,0.78595513,0.3798143,0.80914533,350.3901421,3578.972472
subImage_12,darkHole,257,2984,0.34121498,0.48712054,0.38030085,0.5112529,349.7147847,3356.393285
subImage_12,lightHole,257,2984,0.19331178,0.6906722,0.22149633,0.7092067,310.3028421,3506.154837
subImage_12,lightHole,257,2984,0.032894548,0.44444516,0.070243455,0.46669984,270.2532334,3323.857086
subImage_12,darkHole,257,2984,0.5022321,0.7336769,0.53704846,0.7594548,390.5475486,3540.938123
subImage_12,darkHole,257,2984,0.18775035,0.09370899,0.22172502,0.114595175,309.6175852,3061.697454
subImage_12,darkHole,257,2984,0.18409368,0.19261365,0.22088163,0.21257688,309.0393273,3135.136067
subImage_12,darkHole,257,2984,0.64460677,0.38718972,0.67844033,0.41104302,427.0115525,3281.74081
subImage_12,darkHole,257,2984,0.6470627,0.6838968,0.6866803,0.7048986,428.3859801,3502.020675
subImage_12,lightHole,257,2984,0.5117135,0.9868989,0.54907334,1,393.3111094,3725.113289
subImage_12,darkHole,257,2984,0.4961216,0.6346161,0.5346119,0.65697354,389.4492504,3465.762927
subImage_12,lightHole,257,2984,0.80626285,0.64016217,0.840212,0.6578255,468.5720167,3468.149412
subImage_12,darkHole,257,2984,0.3472936,0.5885848,0.38429227,0.60852355,351.008783,3430.521406
subImage_12,darkHole,257,2984,0.6559515,0.8315141,0.7006612,0.8563063,431.3247297,3613.557022
subImage_12,darkHole,257,2984,0.80342764,0.73782945,0.8383111,0.7609454,467.9634246,3543.04301
subImage_12,lightHole,257,2984,0.05169633,0.89112186,0.086761855,0.911565,274.7918768,3656.402203
subImage_12,lightHole,257,2984,0.8055579,0.7870511,0.84041876,0.80992377,468.5080011,3579.671619
subImage_12,lightHole,257,2984,0.80598617,0.688241,0.8419668,0.7079462,468.7619571,3504.77782
subImage_12,darkHole,257,2984,0.32888567,0.09133555,0.37098947,0.112512544,346.9339563,3060.035339
subImage_12,darkHole,257,2984,0.18622285,0.2913455,0.21872546,0.31408885,309.0358577,3209.827016
subImage_12,halfHole,257,2984,0.3370082,0.14501113,0.3715117,0.16580194,348.0448079,3099.933275
subImage_12,lightHole,257,2984,0.50001895,0.83677065,0.5286937,0.8532605,389.189573,3614.381627
subImage_12,lightHole,257,2984,0.4969974,0.5374266,0.52889234,0.56106097,388.8268296,3393.735858
subImage_12,halfHole,257,2984,0.4985491,0.5823427,0.53375936,0.6100119,389.651637,3428.748251
subImage_12,darkHole,257,2984,0.34233382,0.6388415,0.38299817,0.6581008,350.205161,3467.759476
subImage_12,darkHole,257,2984,0.3461944,0.88373435,0.392802,0.9090832,351.9610357,3652.72094
subImage_12,darkHole,257,2984,0.039245684,0.7906683,0.08108972,0.81167364,272.4630994,3581.673547
subImage_12,darkHole,257,2984,0.63917387,0.13903913,0.6727632,0.16147959,425.5839165,3096.093483
subImage_12,lightHole,257,2984,0.7893713,0.09417923,0.8178025,0.11613327,463.5218334,3062.446563
subImage_12,darkHole,257,2984,0.78493243,0.14254016,0.825993,0.1653175,464.0039185,3098.830908
subImage_12,halfHole,257,2984,0.33674377,0.1924396,0.36757046,0.21300372,347.5043788,3135.23036
subImage_12,darkHole,257,2984,0.64718574,0.43556103,0.68051213,0.45982227,427.6091767,3317.97797
subImage_12,lightHole,257,2984,0.029837402,0.8374321,0.088328525,0.8619471,272.1843216,3617.868444
subImage_12,darkHole,257,2984,0.33872256,0.29124558,0.3671165,0.31104112,347.7003202,3208.652938
subImage_12,darkHole,257,2984,0.050088283,0.93810904,0.09226092,0.9600948,275.2918725,3692.030036
subImage_12,darkHole,257,2984,0.18150175,0.14394556,0.2216998,0.16456428,308.8113992,3099.074171
subImage_12,lightHole,257,2984,0.7916104,0.000778947,0.82037765,0.01758882,464.1404667,2990.851177
subImage_12,darkHole,257,2984,0.64831245,0.8832081,0.68362045,0.9035223,428.153378,3650.450442
subImage_12,darkHole,257,2984,0.18685468,0.5388437,0.22077721,0.56326956,309.3806977,3395.088241
subImage_12,darkHole,257,2984,0.64367056,0.28711253,0.68012035,0.30679345,427.1071317,3205.526933
subImage_12,halfHole,257,2984,0.18894884,0.5887122,0.22523873,0.61235213,310.2231022,3431.997002
subImage_12,darkHole,257,2984,0.19563513,0.78732806,0.22676237,0.8096544,311.278078,3579.674465
subImage_12,darkHole,257,2984,0.4914426,0.43823856,0.52281964,0.46181807,387.3326965,3319.721123
subImage_12,darkHole,257,2984,0.49036893,0.3876847,0.52446115,0.40985975,387.4056656,3281.48408
subImage_12,darkHole,257,2984,0.17950414,0.4408132,0.21861832,0.463619,308.1587361,3321.353213
subImage_12,lightHole,257,2984,0.19188207,0.7383474,0.22237061,0.76187384,310.2314698,3543.582527
subImage_12,darkHole,257,2984,0.63821745,0.04139295,0.6731945,0.06182762,425.516439,3022.501272
subImage_12,halfHole,257,2984,0.18939146,0.48929194,0.22867702,0.5140697,310.7218001,3358.253881
subImage_12,lightHole,257,2984,0.003277896,0.83369863,0.08968576,0.86337245,268.9458299,3617.007511
subImage_12,darkHole,257,2984,0.19314013,0.88403475,0.23664539,0.90953374,312.2274393,3653.001047
subImage_12,darkHole,257,2984,0.8063505,0.8357501,0.8415372,0.8558315,468.7535703,3614.959939
subImage_12,halfHole,257,2984,0.48944184,0.24109955,0.5206552,0.2616225,386.7974718,3171.515321
subImage_12,halfHole,257,2984,0.4938613,0.48830628,0.5267923,0.510747,388.1539845,3356.646881
subImage_12,lightHole,257,2984,0.4853416,0.19308439,0.5177705,0.2134635,385.8999096,3135.642363
subImage_12,darkHole,257,2984,0.6446521,0.3355651,0.6852406,0.35883555,427.891219,3243.011438
subImage_12,darkHole,257,2984,0.19979142,0.9354251,0.23751344,0.95858973,313.1936738,3690.467534
subImage_12,halfHole,257,2984,0.04132207,0.49375317,0.07917221,0.5151009,272.483515,3360.302565
subImage_12,darkHole,257,2984,0.4832687,0.1418635,0.51876086,0.16364715,385.7607995,3097.955469
subImage_12,lightHole,257,2984,0.18320186,0.046727035,0.21635713,0.06560066,308.3433304,3025.898232
subImage_12,darkHole,257,2984,0.63567764,0.18677475,0.6807826,0.20804462,426.1651424,3131.267623
subImage_12,lightHole,257,2984,0.035671838,0.59197724,0.071886055,0.61160994,270.8211892,3432.938016
subImage_12,lightHole,257,2984,0.9528718,0.98483336,0.98742425,0.9992006,506.3280429,3724.04466
subImage_12,darkHole,257,2984,0.4824505,0.09121569,0.5163611,0.11233198,385.3472909,3059.923281
subImage_12,halfHole,257,2984,0.4902174,0.3888781,0.52721745,0.409397,387.7403764,3281.756617
subImage_12,halfHole,257,2984,0.48499945,0.14208455,0.51902145,0.16506872,386.0166856,3098.56817
subImage_12,darkHole,257,2984,0.48499346,0.2888118,0.51792306,0.3121947,385.8747722,3208.175427
subImage_12,halfHole,257,2984,0.7877981,0.044174004,0.8168131,0.066869095,463.1925415,3025.419076
subImage_12,halfHole,257,2984,0.19752525,0.83642536,0.23190987,0.86066794,312.1824128,3617.015804
subImage_12,darkHole,257,2984,0.80714184,0.9353789,0.8409815,0.95507693,468.7838471,3689.140029
subImage_12,darkHole,257,2984,0.49223065,0.3377597,0.5223815,0.3600142,387.3776598,3244.269666
subImage_13,darkHole,257,3730,0.6634679,0.17645244,0.70767146,0.20195886,433.1914062,3871.147418
subImage_13,darkHole,257,3730,0.35286424,0.032312065,0.38686886,0.05699049,352.0557033,3763.309853
subImage_13,darkHole,257,3730,0.350063,0.22870673,0.38982603,0.25302324,352.0757398,3909.685279
subImage_13,darkHole,257,3730,0.6583048,0.27753448,0.69975054,0.3003155,431.5101129,3945.538044
subImage_13,darkHole,257,3730,0.5094294,0.42598072,0.5465284,0.45069143,392.6905766,4056.998711
subImage_13,darkHole,257,3730,0.35386327,0.13278714,0.38695523,0.15445587,352.1951773,3837.141642
subImage_13,darkHole,257,3730,0.20372768,0.084479295,0.23714814,0.10655509,313.652542,3801.255825
subImage_13,darkHole,257,3730,0.5092645,0.13105515,0.5456704,0.15233205,392.5591371,3835.703425
subImage_13,darkHole,257,3730,0.34923673,0.3284898,0.39033726,0.3527968,352.0352571,3984.119903
subImage_13,darkHole,257,3730,0.80779207,0.28177285,0.8466605,0.3030437,469.5971543,3948.136571
subImage_13,lightHole,257,3730,0.21036734,0.23267746,0.24499238,0.25460804,315.513723,3911.75749
subImage_13,darkHole,257,3730,0.8073662,0.23267831,0.84132016,0.25320077,468.8561959,3911.232896
subImage_13,lightHole,257,3730,0.2042055,0.1341316,0.23928893,0.15474898,313.9890335,3837.752453
subImage_13,lightHole,257,3730,0.043022946,0.038065195,0.091762535,0.058946274,274.3199343,3766.185278
subImage_13,lightHole,257,3730,0.052493524,0.1858877,0.08842337,0.20692985,275.107821,3876.520943
subImage_13,lightHole,257,3730,0.95565,0.13504192,0.9854835,0.15252353,506.4356546,3837.261915
subImage_13,darkHole,257,3730,0.66022867,0.22648688,0.69845164,0.25106695,431.5904196,3908.127578
subImage_13,darkHole,257,3730,0.50632846,0.22793554,0.5430595,0.25021648,391.8463569,3908.350704
subImage_13,darkHole,257,3730,0.20803374,0.33072582,0.2445697,0.35259715,315.1595426,3984.879466
subImage_13,darkHole,257,3730,0.5099802,0.37727433,0.54172784,0.3998985,392.1444835,4019.885467
subImage_13,darkHole,257,3730,0.5088585,0.030665305,0.54571724,0.05639127,392.5129828,3762.472102
subImage_13,darkHole,257,3730,0.35904384,0.083735794,0.38682693,0.10529857,352.8443938,3800.509818
subImage_13,darkHole,257,3730,0.20199826,0.18319781,0.23921517,0.2033731,313.6959256,3874.190952
subImage_13,darkHole,257,3730,0.6626287,0.07881926,0.6936061,0.10161262,431.2761704,3797.301091
subImage_13,darkHole,257,3730,0.5134106,0.2777121,0.54995096,0.30155668,393.6419637,3946.067256
subImage_13,darkHole,257,3730,0.5081678,0.080948465,0.54554164,0.102176726,392.401664,3798.305696
subImage_13,lightHole,257,3730,0.8182276,0.38176423,0.8641738,0.40374166,473.1885823,4022.993697
subImage_13,darkHole,257,3730,0.51342833,0.32813275,0.5525436,0.35165843,393.9773906,3983.562111
subImage_13,lightHole,257,3730,0.05202252,0.13823283,0.086685605,0.15865314,274.8239942,3840.738466
subImage_13,darkHole,257,3730,0.8161179,0.43210292,0.8500228,0.45134032,471.0990768,4059.524327
subImage_13,lightHole,257,3730,0.21146867,0.43265736,0.24495246,0.45349067,315.6501142,4060.533217
subImage_13,halfHole,257,3730,0.8089158,0.08311824,0.84291816,0.10654618,469.2606628,3800.744827
subImage_13,lightHole,257,3730,0.20749195,0.381669,0.23903109,0.40198618,314.3782107,4022.303388
subImage_13,halfHole,257,3730,0.6624509,0.03165659,0.68819666,0.054055315,430.5582126,3761.97054
subImage_13,darkHole,257,3730,0.3494181,0.28079814,0.39603502,0.3031927,352.7907258,3947.828584
subImage_13,darkHole,257,3730,0.66113985,0.12861867,0.6929789,0.15060245,431.0042612,3834.149477
subImage_13,darkHole,257,3730,0.81342834,0.3304314,0.84868896,0.35251436,470.5820734,3984.738768
subImage_13,halfHole,257,3730,0.81124943,0.18241613,0.8451371,0.20435205,469.8456722,3874.26453
subImage_13,lightHole,257,3730,0.052266657,0.2844903,0.09055991,0.3062154,275.3532136,3950.333223
subImage_13,lightHole,257,3730,0.80844456,0.037871495,0.8354822,0.053663176,468.2445861,3764.142432
subImage_13,darkHole,257,3730,0.8097164,0.13316521,0.84055597,0.15452045,469.0599995,3837.306752
subImage_13,lightHole,257,3730,0.961438,0.18419822,0.9879431,0.20120998,507.495473,3873.757256
subImage_13,darkHole,257,3730,0.20662478,0.28133163,0.23960257,0.30483627,314.3402134,3948.640627
subImage_13,halfHole,257,3730,0.5119909,0.32963952,0.55524987,0.35024732,394.1404395,3983.597794
subImage_13,darkHole,257,3730,0.36389616,0.38042542,0.41252583,0.40042338,356.7702262,4021.256603
subImage_13,lightHole,257,3730,0.9538732,0.085870154,0.986335,0.10364698,506.3167533,3800.689891
subImage_13,darkHole,257,3730,0.5049982,0.177422,0.5459836,0.20173797,392.0511638,3871.42667
